--------------------------------------------------------
--  파일이 생성됨 - 목요일-9월-10-2020
--------------------------------------------------------
--------------------------------------------------------
--  DDL for Sequence ENTRY_INFO_SEQ
--------------------------------------------------------

   CREATE SEQUENCE  "CAP"."ENTRY_INFO_SEQ"  MINVALUE 1 MAXVALUE 9999999999999999999999999999 INCREMENT BY 1 START WITH 1 CACHE 20 NOORDER  NOCYCLE ;
--------------------------------------------------------
--  DDL for Sequence HP_BOOK_SEQ
--------------------------------------------------------

   CREATE SEQUENCE  "CAP"."HP_BOOK_SEQ"  MINVALUE 1 MAXVALUE 9999999999999999999999999999 INCREMENT BY 1 START WITH 21 CACHE 20 NOORDER  NOCYCLE ;
--------------------------------------------------------
--  DDL for Sequence HP_PAY_SEQ
--------------------------------------------------------

   CREATE SEQUENCE  "CAP"."HP_PAY_SEQ"  MINVALUE 1 MAXVALUE 9999999999999999999999999999 INCREMENT BY 1 START WITH 21 CACHE 20 NOORDER  NOCYCLE ;
--------------------------------------------------------
--  DDL for Sequence QNA_BOARD_SEQ
--------------------------------------------------------

   CREATE SEQUENCE  "CAP"."QNA_BOARD_SEQ"  MINVALUE 1 MAXVALUE 9999999999999999999999999999 INCREMENT BY 1 START WITH 1 CACHE 20 NOORDER  NOCYCLE ;
--------------------------------------------------------
--  DDL for Sequence SCS_BOOK_SEQ
--------------------------------------------------------

   CREATE SEQUENCE  "CAP"."SCS_BOOK_SEQ"  MINVALUE 1 MAXVALUE 9999999999999999999999999999 INCREMENT BY 1 START WITH 61 CACHE 20 NOORDER  NOCYCLE ;
--------------------------------------------------------
--  DDL for Sequence SCS_PAY_SEQ
--------------------------------------------------------

   CREATE SEQUENCE  "CAP"."SCS_PAY_SEQ"  MINVALUE 1 MAXVALUE 9999999999999999999999999999 INCREMENT BY 1 START WITH 41 CACHE 20 NOORDER  NOCYCLE ;
--------------------------------------------------------
--  DDL for Table CAR
--------------------------------------------------------

  CREATE TABLE "CAP"."CAR"
   (	"CAR_ID" VARCHAR2(255 BYTE),
	"CAR_NAME" VARCHAR2(100 BYTE),
	"CAR_MODEL" VARCHAR2(255 BYTE),
	"CAR_SCS_TYPE" VARCHAR2(25 BYTE),
	"EMAIL" VARCHAR2(100 BYTE)
   ) SEGMENT CREATION IMMEDIATE
  PCTFREE 10 PCTUSED 40 INITRANS 1 MAXTRANS 255 NOCOMPRESS LOGGING
  STORAGE(INITIAL 65536 NEXT 1048576 MINEXTENTS 1 MAXEXTENTS 2147483645
  PCTINCREASE 0 FREELISTS 1 FREELIST GROUPS 1 BUFFER_POOL DEFAULT FLASH_CACHE DEFAULT CELL_FLASH_CACHE DEFAULT)
  TABLESPACE "SYSTEM" ;
--------------------------------------------------------
--  DDL for Table ENTRY_INFO
--------------------------------------------------------

  CREATE TABLE "CAP"."ENTRY_INFO"
   (	"ENTRY_ID" NUMBER,
	"EN_CAR" VARCHAR2(10 BYTE),
	"EN_TIME" TIMESTAMP (6),
	"EX_TIME" TIMESTAMP (6),
	"RES_NAME" VARCHAR2(300 BYTE)
   ) SEGMENT CREATION IMMEDIATE
  PCTFREE 10 PCTUSED 40 INITRANS 1 MAXTRANS 255 NOCOMPRESS LOGGING
  STORAGE(INITIAL 65536 NEXT 1048576 MINEXTENTS 1 MAXEXTENTS 2147483645
  PCTINCREASE 0 FREELISTS 1 FREELIST GROUPS 1 BUFFER_POOL DEFAULT FLASH_CACHE DEFAULT CELL_FLASH_CACHE DEFAULT)
  TABLESPACE "SYSTEM" ;
--------------------------------------------------------
--  DDL for Table HP
--------------------------------------------------------

  CREATE TABLE "CAP"."HP"
   (	"HP_NAME" VARCHAR2(300 BYTE),
	"HP_TYPE" VARCHAR2(30 BYTE),
	"PLACE" NUMBER,
	"MIN30_FEE" NUMBER,
	"ADDMIN10_FEE" NUMBER,
	"START_MANAGE_TIME" VARCHAR2(30 BYTE),
	"END_MANAGE_TIME" VARCHAR2(30 BYTE),
	"HP_PIC" VARCHAR2(2000 BYTE),
	"APT_MAP" VARCHAR2(2000 BYTE),
	"REG_DATE" TIMESTAMP (6),
	"HP_CHK" VARCHAR2(1 BYTE) DEFAULT 'N',
	"RES_NAME" VARCHAR2(300 BYTE)
   ) SEGMENT CREATION IMMEDIATE
  PCTFREE 10 PCTUSED 40 INITRANS 1 MAXTRANS 255 NOCOMPRESS LOGGING
  STORAGE(INITIAL 65536 NEXT 1048576 MINEXTENTS 1 MAXEXTENTS 2147483645
  PCTINCREASE 0 FREELISTS 1 FREELIST GROUPS 1 BUFFER_POOL DEFAULT FLASH_CACHE DEFAULT CELL_FLASH_CACHE DEFAULT)
  TABLESPACE "SYSTEM" ;
--------------------------------------------------------
--  DDL for Table HP_BOOK
--------------------------------------------------------

  CREATE TABLE "CAP"."HP_BOOK"
   (	"BOOK_ID" VARCHAR2(100 BYTE),
	"START_DATE" TIMESTAMP (6),
	"END_DATE" TIMESTAMP (6),
	"EMAIL" VARCHAR2(100 BYTE),
	"CAR_NUM" VARCHAR2(10 BYTE),
	"HP_NAME" VARCHAR2(300 BYTE),
	"BOOK_DATE" TIMESTAMP (6)
   ) SEGMENT CREATION IMMEDIATE
  PCTFREE 10 PCTUSED 40 INITRANS 1 MAXTRANS 255 NOCOMPRESS LOGGING
  STORAGE(INITIAL 65536 NEXT 1048576 MINEXTENTS 1 MAXEXTENTS 2147483645
  PCTINCREASE 0 FREELISTS 1 FREELIST GROUPS 1 BUFFER_POOL DEFAULT FLASH_CACHE DEFAULT CELL_FLASH_CACHE DEFAULT)
  TABLESPACE "SYSTEM" ;
--------------------------------------------------------
--  DDL for Table HP_BOOKMARK
--------------------------------------------------------

  CREATE TABLE "CAP"."HP_BOOKMARK"
   (	"EMAIL" VARCHAR2(100 BYTE),
	"HP_NAME" VARCHAR2(300 BYTE)
   ) SEGMENT CREATION IMMEDIATE
  PCTFREE 10 PCTUSED 40 INITRANS 1 MAXTRANS 255 NOCOMPRESS LOGGING
  STORAGE(INITIAL 65536 NEXT 1048576 MINEXTENTS 1 MAXEXTENTS 2147483645
  PCTINCREASE 0 FREELISTS 1 FREELIST GROUPS 1 BUFFER_POOL DEFAULT FLASH_CACHE DEFAULT CELL_FLASH_CACHE DEFAULT)
  TABLESPACE "SYSTEM" ;
--------------------------------------------------------
--  DDL for Table HP_CH_PL
--------------------------------------------------------

  CREATE TABLE "CAP"."HP_CH_PL"
   (	"HP_NAME" VARCHAR2(300 BYTE),
	"PLACE" NUMBER,
	"HP_CHK" VARCHAR2(1 BYTE) DEFAULT 'N',
	"RES_NAME" VARCHAR2(300 BYTE)
   ) SEGMENT CREATION IMMEDIATE
  PCTFREE 10 PCTUSED 40 INITRANS 1 MAXTRANS 255 NOCOMPRESS LOGGING
  STORAGE(INITIAL 65536 NEXT 1048576 MINEXTENTS 1 MAXEXTENTS 2147483645
  PCTINCREASE 0 FREELISTS 1 FREELIST GROUPS 1 BUFFER_POOL DEFAULT FLASH_CACHE DEFAULT CELL_FLASH_CACHE DEFAULT)
  TABLESPACE "SYSTEM" ;
--------------------------------------------------------
--  DDL for Table HP_PAY
--------------------------------------------------------

  CREATE TABLE "CAP"."HP_PAY"
   (	"PAY_ID" VARCHAR2(100 BYTE),
	"PAY_WAY" VARCHAR2(20 BYTE),
	"NAME" VARCHAR2(10 BYTE),
	"PRICE" NUMBER,
	"EMAIL" VARCHAR2(30 BYTE),
	"HP_NAME" VARCHAR2(300 BYTE),
	"PHONE" VARCHAR2(15 BYTE),
	"BOOK_ID" VARCHAR2(100 BYTE),
	"PAY_DATE" TIMESTAMP (6)
   ) SEGMENT CREATION IMMEDIATE
  PCTFREE 10 PCTUSED 40 INITRANS 1 MAXTRANS 255 NOCOMPRESS LOGGING
  STORAGE(INITIAL 65536 NEXT 1048576 MINEXTENTS 1 MAXEXTENTS 2147483645
  PCTINCREASE 0 FREELISTS 1 FREELIST GROUPS 1 BUFFER_POOL DEFAULT FLASH_CACHE DEFAULT CELL_FLASH_CACHE DEFAULT)
  TABLESPACE "SYSTEM" ;
--------------------------------------------------------
--  DDL for Table MEMBER
--------------------------------------------------------

  CREATE TABLE "CAP"."MEMBER"
   (	"EMAIL" VARCHAR2(100 BYTE),
	"CREATED_DATE" TIMESTAMP (6),
	"MODIFIED_DATE" TIMESTAMP (6),
	"NAME" VARCHAR2(30 BYTE),
	"PASSWORD" VARCHAR2(100 BYTE),
	"PHONE" VARCHAR2(20 BYTE),
	"PICTURE" VARCHAR2(1000 BYTE),
	"ROLE" VARCHAR2(10 BYTE)
   ) SEGMENT CREATION IMMEDIATE
  PCTFREE 10 PCTUSED 40 INITRANS 1 MAXTRANS 255 NOCOMPRESS LOGGING
  STORAGE(INITIAL 65536 NEXT 1048576 MINEXTENTS 1 MAXEXTENTS 2147483645
  PCTINCREASE 0 FREELISTS 1 FREELIST GROUPS 1 BUFFER_POOL DEFAULT FLASH_CACHE DEFAULT CELL_FLASH_CACHE DEFAULT)
  TABLESPACE "SYSTEM" ;
--------------------------------------------------------
--  DDL for Table MP
--------------------------------------------------------

  CREATE TABLE "CAP"."MP"
   (	"EMAIL" VARCHAR2(100 BYTE),
	"MP_LIC" VARCHAR2(2000 BYTE),
	"MP_CO" VARCHAR2(100 BYTE),
	"MP_CO_NUM" VARCHAR2(20 BYTE),
	"REG_DATE" TIMESTAMP (6),
	"RES_NAME" VARCHAR2(300 BYTE)
   ) SEGMENT CREATION IMMEDIATE
  PCTFREE 10 PCTUSED 40 INITRANS 1 MAXTRANS 255 NOCOMPRESS LOGGING
  STORAGE(INITIAL 65536 NEXT 1048576 MINEXTENTS 1 MAXEXTENTS 2147483645
  PCTINCREASE 0 FREELISTS 1 FREELIST GROUPS 1 BUFFER_POOL DEFAULT FLASH_CACHE DEFAULT CELL_FLASH_CACHE DEFAULT)
  TABLESPACE "SYSTEM" ;
--------------------------------------------------------
--  DDL for Table QNA_BOARD
--------------------------------------------------------

  CREATE TABLE "CAP"."QNA_BOARD"
   (	"BNO" NUMBER,
	"TITLE" VARCHAR2(100 BYTE),
	"CONTENT" VARCHAR2(1000 BYTE),
	"WRITER" VARCHAR2(50 BYTE),
	"REG_DATE" DATE,
	"NO_COUNT" NUMBER,
	"NO_RECO" NUMBER,
	"MBO" NUMBER
   ) SEGMENT CREATION IMMEDIATE
  PCTFREE 10 PCTUSED 40 INITRANS 1 MAXTRANS 255 NOCOMPRESS LOGGING
  STORAGE(INITIAL 65536 NEXT 1048576 MINEXTENTS 1 MAXEXTENTS 2147483645
  PCTINCREASE 0 FREELISTS 1 FREELIST GROUPS 1 BUFFER_POOL DEFAULT FLASH_CACHE DEFAULT CELL_FLASH_CACHE DEFAULT)
  TABLESPACE "SYSTEM" ;
--------------------------------------------------------
--  DDL for Table REG
--------------------------------------------------------

  CREATE TABLE "CAP"."REG"
   (	"EMAIL" VARCHAR2(100 BYTE),
	"REG_LIC" VARCHAR2(2000 BYTE),
	"ACC_NUM" VARCHAR2(200 BYTE),
	"BANK_NAME" VARCHAR2(200 BYTE),
	"REG_DATE" TIMESTAMP (6)
   ) SEGMENT CREATION IMMEDIATE
  PCTFREE 10 PCTUSED 40 INITRANS 1 MAXTRANS 255 NOCOMPRESS LOGGING
  STORAGE(INITIAL 65536 NEXT 1048576 MINEXTENTS 1 MAXEXTENTS 2147483645
  PCTINCREASE 0 FREELISTS 1 FREELIST GROUPS 1 BUFFER_POOL DEFAULT FLASH_CACHE DEFAULT CELL_FLASH_CACHE DEFAULT)
  TABLESPACE "SYSTEM" ;
--------------------------------------------------------
--  DDL for Table RES
--------------------------------------------------------

  CREATE TABLE "CAP"."RES"
   (	"RES_NAME" VARCHAR2(300 BYTE),
	"POST_CODE" VARCHAR2(10 BYTE),
	"ROAD_ADDR" VARCHAR2(300 BYTE),
	"JIBUN_ADDR" VARCHAR2(300 BYTE),
	"DETAIL_ADDR" VARCHAR2(300 BYTE),
	"EXTRA_ADDR" VARCHAR2(300 BYTE),
	"LAT" NUMBER,
	"LNG" NUMBER,
	"REG_DATE" TIMESTAMP (6),
	"EMAIL" VARCHAR2(100 BYTE)
   ) SEGMENT CREATION IMMEDIATE
  PCTFREE 10 PCTUSED 40 INITRANS 1 MAXTRANS 255 NOCOMPRESS LOGGING
  STORAGE(INITIAL 65536 NEXT 1048576 MINEXTENTS 1 MAXEXTENTS 2147483645
  PCTINCREASE 0 FREELISTS 1 FREELIST GROUPS 1 BUFFER_POOL DEFAULT FLASH_CACHE DEFAULT CELL_FLASH_CACHE DEFAULT)
  TABLESPACE "SYSTEM" ;
--------------------------------------------------------
--  DDL for Table SCS
--------------------------------------------------------

  CREATE TABLE "CAP"."SCS"
   (	"SCS_NAME" VARCHAR2(50 BYTE),
	"OPER_INS" VARCHAR2(100 BYTE),
	"SCS_SPEED" VARCHAR2(50 BYTE),
	"SCS_AMOUNT" VARCHAR2(50 BYTE),
	"MIN30_FEE" VARCHAR2(100 BYTE),
	"ADDMIN10_FEE" VARCHAR2(100 BYTE),
	"START_MANAGE_TIME" VARCHAR2(30 BYTE),
	"END_MANAGE_TIME" VARCHAR2(30 BYTE),
	"SCS_PIC" VARCHAR2(2000 BYTE),
	"APT_MAP" VARCHAR2(2000 BYTE),
	"CABLE" VARCHAR2(50 BYTE),
	"SCS_TYPE" VARCHAR2(50 BYTE),
	"REG_DATE" TIMESTAMP (6),
	"SCS_CHK" VARCHAR2(1 BYTE) DEFAULT 'N',
	"RES_NAME" VARCHAR2(300 BYTE)
   ) SEGMENT CREATION IMMEDIATE
  PCTFREE 10 PCTUSED 40 INITRANS 1 MAXTRANS 255 NOCOMPRESS LOGGING
  STORAGE(INITIAL 65536 NEXT 1048576 MINEXTENTS 1 MAXEXTENTS 2147483645
  PCTINCREASE 0 FREELISTS 1 FREELIST GROUPS 1 BUFFER_POOL DEFAULT FLASH_CACHE DEFAULT CELL_FLASH_CACHE DEFAULT)
  TABLESPACE "SYSTEM" ;
--------------------------------------------------------
--  DDL for Table SCS_BOOK
--------------------------------------------------------

  CREATE TABLE "CAP"."SCS_BOOK"
   (	"BOOK_ID" VARCHAR2(100 BYTE),
	"START_DATE" TIMESTAMP (6),
	"END_DATE" TIMESTAMP (6),
	"EMAIL" VARCHAR2(100 BYTE),
	"CAR_NUM" VARCHAR2(10 BYTE),
	"SCS_NAME" VARCHAR2(300 BYTE),
	"BOOK_DATE" TIMESTAMP (6)
   ) SEGMENT CREATION IMMEDIATE
  PCTFREE 10 PCTUSED 40 INITRANS 1 MAXTRANS 255 NOCOMPRESS LOGGING
  STORAGE(INITIAL 65536 NEXT 1048576 MINEXTENTS 1 MAXEXTENTS 2147483645
  PCTINCREASE 0 FREELISTS 1 FREELIST GROUPS 1 BUFFER_POOL DEFAULT FLASH_CACHE DEFAULT CELL_FLASH_CACHE DEFAULT)
  TABLESPACE "SYSTEM" ;
--------------------------------------------------------
--  DDL for Table SCS_BOOKMARK
--------------------------------------------------------

  CREATE TABLE "CAP"."SCS_BOOKMARK"
   (	"EMAIL" VARCHAR2(100 BYTE),
	"SCS_NAME" VARCHAR2(300 BYTE)
   ) SEGMENT CREATION IMMEDIATE
  PCTFREE 10 PCTUSED 40 INITRANS 1 MAXTRANS 255 NOCOMPRESS LOGGING
  STORAGE(INITIAL 65536 NEXT 1048576 MINEXTENTS 1 MAXEXTENTS 2147483645
  PCTINCREASE 0 FREELISTS 1 FREELIST GROUPS 1 BUFFER_POOL DEFAULT FLASH_CACHE DEFAULT CELL_FLASH_CACHE DEFAULT)
  TABLESPACE "SYSTEM" ;
--------------------------------------------------------
--  DDL for Table SCS_CH_PL
--------------------------------------------------------

  CREATE TABLE "CAP"."SCS_CH_PL"
   (	"SCS_NAME" VARCHAR2(300 BYTE),
	"SCS_AMOUNT" NUMBER,
	"SCS_CHK" VARCHAR2(1 BYTE) DEFAULT 'N',
	"RES_NAME" VARCHAR2(300 BYTE)
   ) SEGMENT CREATION IMMEDIATE
  PCTFREE 10 PCTUSED 40 INITRANS 1 MAXTRANS 255 NOCOMPRESS LOGGING
  STORAGE(INITIAL 65536 NEXT 1048576 MINEXTENTS 1 MAXEXTENTS 2147483645
  PCTINCREASE 0 FREELISTS 1 FREELIST GROUPS 1 BUFFER_POOL DEFAULT FLASH_CACHE DEFAULT CELL_FLASH_CACHE DEFAULT)
  TABLESPACE "SYSTEM" ;
--------------------------------------------------------
--  DDL for Table SCS_PAY
--------------------------------------------------------

  CREATE TABLE "CAP"."SCS_PAY"
   (	"PAY_ID" VARCHAR2(100 BYTE),
	"PAY_WAY" VARCHAR2(20 BYTE),
	"SCS_NAME" VARCHAR2(50 BYTE),
	"PRICE" NUMBER,
	"EMAIL" VARCHAR2(30 BYTE),
	"PHONE" VARCHAR2(15 BYTE),
	"BOOK_ID" VARCHAR2(100 BYTE),
	"PAY_DATE" TIMESTAMP (6)
   ) SEGMENT CREATION IMMEDIATE
  PCTFREE 10 PCTUSED 40 INITRANS 1 MAXTRANS 255 NOCOMPRESS LOGGING
  STORAGE(INITIAL 65536 NEXT 1048576 MINEXTENTS 1 MAXEXTENTS 2147483645
  PCTINCREASE 0 FREELISTS 1 FREELIST GROUPS 1 BUFFER_POOL DEFAULT FLASH_CACHE DEFAULT CELL_FLASH_CACHE DEFAULT)
  TABLESPACE "SYSTEM" ;
--------------------------------------------------------
--  DDL for View CAR_VIEW
--------------------------------------------------------

  CREATE OR REPLACE FORCE VIEW "CAP"."CAR_VIEW" ("CAR_ID", "CAR_NAME", "CAR_MODEL", "CAR_SCS_TYPE", "EMAIL") AS
  select "CAR_ID","CAR_NAME","CAR_MODEL","CAR_SCS_TYPE","EMAIL" from car
;
--------------------------------------------------------
--  DDL for View ENTRY_INFO_VIEW
--------------------------------------------------------

  CREATE OR REPLACE FORCE VIEW "CAP"."ENTRY_INFO_VIEW" ("ENTRY_ID", "EN_CAR", "EN_TIME", "EX_TIME", "RES_NAME") AS
  select "ENTRY_ID","EN_CAR","EN_TIME","EX_TIME","RES_NAME" from entry_info
;
--------------------------------------------------------
--  DDL for View HP_BOOKMARK_VIEW
--------------------------------------------------------

  CREATE OR REPLACE FORCE VIEW "CAP"."HP_BOOKMARK_VIEW" ("EMAIL", "HP_NAME") AS
  select "EMAIL","HP_NAME" from hp_bookmark
;
--------------------------------------------------------
--  DDL for View HP_BOOK_VIEW
--------------------------------------------------------

  CREATE OR REPLACE FORCE VIEW "CAP"."HP_BOOK_VIEW" ("BOOK_ID", "START_DATE", "END_DATE", "EMAIL", "CAR_NUM", "HP_NAME", "BOOK_DATE") AS
  select "BOOK_ID","START_DATE","END_DATE","EMAIL","CAR_NUM","HP_NAME","BOOK_DATE" from hp_book
;
--------------------------------------------------------
--  DDL for View HP_CH_PL_VIEW
--------------------------------------------------------

  CREATE OR REPLACE FORCE VIEW "CAP"."HP_CH_PL_VIEW" ("HP_NAME", "PLACE", "HP_CHK", "RES_NAME") AS
  select "HP_NAME","PLACE","HP_CHK","RES_NAME" from HP_ch_pl
;
--------------------------------------------------------
--  DDL for View HP_PAY_VIEW
--------------------------------------------------------

  CREATE OR REPLACE FORCE VIEW "CAP"."HP_PAY_VIEW" ("PAY_ID", "PAY_WAY", "NAME", "PRICE", "EMAIL", "HP_NAME", "PHONE", "BOOK_ID", "PAY_DATE") AS
  select "PAY_ID","PAY_WAY","NAME","PRICE","EMAIL","HP_NAME","PHONE","BOOK_ID","PAY_DATE" from hp_pay
;
--------------------------------------------------------
--  DDL for View HP_VIEW
--------------------------------------------------------

  CREATE OR REPLACE FORCE VIEW "CAP"."HP_VIEW" ("HP_NAME", "HP_TYPE", "PLACE", "MIN30_FEE", "ADDMIN10_FEE", "START_MANAGE_TIME", "END_MANAGE_TIME", "HP_PIC", "APT_MAP", "REG_DATE", "HP_CHK", "RES_NAME") AS
  select "HP_NAME","HP_TYPE","PLACE","MIN30_FEE","ADDMIN10_FEE","START_MANAGE_TIME","END_MANAGE_TIME","HP_PIC","APT_MAP","REG_DATE","HP_CHK","RES_NAME" from hp
;
--------------------------------------------------------
--  DDL for View MEMBER_VIEW
--------------------------------------------------------

  CREATE OR REPLACE FORCE VIEW "CAP"."MEMBER_VIEW" ("EMAIL", "CREATED_DATE", "MODIFIED_DATE", "NAME", "PASSWORD", "PHONE", "PICTURE", "ROLE") AS
  select "EMAIL","CREATED_DATE","MODIFIED_DATE","NAME","PASSWORD","PHONE","PICTURE","ROLE" from member
;
--------------------------------------------------------
--  DDL for View MP_VIEW
--------------------------------------------------------

  CREATE OR REPLACE FORCE VIEW "CAP"."MP_VIEW" ("EMAIL", "MP_LIC", "MP_CO", "MP_CO_NUM", "REG_DATE", "RES_NAME") AS
  select "EMAIL","MP_LIC","MP_CO","MP_CO_NUM","REG_DATE","RES_NAME" from mp
;
--------------------------------------------------------
--  DDL for View QNA_BOARD_VIEW
--------------------------------------------------------

  CREATE OR REPLACE FORCE VIEW "CAP"."QNA_BOARD_VIEW" ("BNO", "TITLE", "CONTENT", "WRITER", "REG_DATE", "NO_COUNT", "NO_RECO", "MBO") AS
  select "BNO","TITLE","CONTENT","WRITER","REG_DATE","NO_COUNT","NO_RECO","MBO" from qna_board
;
--------------------------------------------------------
--  DDL for View REG_VIEW
--------------------------------------------------------

  CREATE OR REPLACE FORCE VIEW "CAP"."REG_VIEW" ("EMAIL", "REG_LIC", "ACC_NUM", "BANK_NAME", "REG_DATE") AS
  select "EMAIL","REG_LIC","ACC_NUM","BANK_NAME","REG_DATE" from reg
;
--------------------------------------------------------
--  DDL for View RES_VIEW
--------------------------------------------------------

  CREATE OR REPLACE FORCE VIEW "CAP"."RES_VIEW" ("RES_NAME", "POST_CODE", "ROAD_ADDR", "JIBUN_ADDR", "DETAIL_ADDR", "EXTRA_ADDR", "LAT", "LNG", "REG_DATE", "EMAIL") AS
  select "RES_NAME","POST_CODE","ROAD_ADDR","JIBUN_ADDR","DETAIL_ADDR","EXTRA_ADDR","LAT","LNG","REG_DATE","EMAIL" from res
;
--------------------------------------------------------
--  DDL for View SCS_BOOKMARK_VIEW
--------------------------------------------------------

  CREATE OR REPLACE FORCE VIEW "CAP"."SCS_BOOKMARK_VIEW" ("EMAIL", "SCS_NAME") AS
  select "EMAIL","SCS_NAME" from scs_bookmark
;
--------------------------------------------------------
--  DDL for View SCS_BOOK_VIEW
--------------------------------------------------------

  CREATE OR REPLACE FORCE VIEW "CAP"."SCS_BOOK_VIEW" ("BOOK_ID", "START_DATE", "END_DATE", "EMAIL", "CAR_NUM", "SCS_NAME", "BOOK_DATE") AS
  select "BOOK_ID","START_DATE","END_DATE","EMAIL","CAR_NUM","SCS_NAME","BOOK_DATE" from scs_book
;
--------------------------------------------------------
--  DDL for View SCS_CH_PL_VIEW
--------------------------------------------------------

  CREATE OR REPLACE FORCE VIEW "CAP"."SCS_CH_PL_VIEW" ("SCS_NAME", "SCS_AMOUNT", "SCS_CHK", "RES_NAME") AS
  select "SCS_NAME","SCS_AMOUNT","SCS_CHK","RES_NAME" from scs_ch_pl
;
--------------------------------------------------------
--  DDL for View SCS_PAY_VIEW
--------------------------------------------------------

  CREATE OR REPLACE FORCE VIEW "CAP"."SCS_PAY_VIEW" ("PAY_ID", "PAY_WAY", "SCS_NAME", "PRICE", "EMAIL", "PHONE", "BOOK_ID", "PAY_DATE") AS
  select "PAY_ID","PAY_WAY","SCS_NAME","PRICE","EMAIL","PHONE","BOOK_ID","PAY_DATE" from scs_pay
;
--------------------------------------------------------
--  DDL for View SCS_VIEW
--------------------------------------------------------

  CREATE OR REPLACE FORCE VIEW "CAP"."SCS_VIEW" ("SCS_NAME", "OPER_INS", "SCS_SPEED", "SCS_AMOUNT", "MIN30_FEE", "ADDMIN10_FEE", "START_MANAGE_TIME", "END_MANAGE_TIME", "SCS_PIC", "APT_MAP", "CABLE", "SCS_TYPE", "REG_DATE", "SCS_CHK", "RES_NAME") AS
  select "SCS_NAME","OPER_INS","SCS_SPEED","SCS_AMOUNT","MIN30_FEE","ADDMIN10_FEE","START_MANAGE_TIME","END_MANAGE_TIME","SCS_PIC","APT_MAP","CABLE","SCS_TYPE","REG_DATE","SCS_CHK","RES_NAME" from scs
;
REM INSERTING into CAP.CAR
SET DEFINE OFF;
Insert into CAP.CAR (CAR_ID,CAR_NAME,CAR_MODEL,CAR_SCS_TYPE,EMAIL) values ('123가1234',null,null,null,'seung9721@naver.com');
Insert into CAP.CAR (CAR_ID,CAR_NAME,CAR_MODEL,CAR_SCS_TYPE,EMAIL) values ('123가1235','소나타','소나타',null,'qwer');
Insert into CAP.CAR (CAR_ID,CAR_NAME,CAR_MODEL,CAR_SCS_TYPE,EMAIL) values ('127나2221','그랜저','그랜저',null,'qwer');
Insert into CAP.CAR (CAR_ID,CAR_NAME,CAR_MODEL,CAR_SCS_TYPE,EMAIL) values ('331오5541','모닝','모닝',null,'qwerr');
REM INSERTING into CAP.ENTRY_INFO
SET DEFINE OFF;
REM INSERTING into CAP.HP
SET DEFINE OFF;
Insert into CAP.HP (HP_NAME,HP_TYPE,PLACE,MIN30_FEE,ADDMIN10_FEE,START_MANAGE_TIME,END_MANAGE_TIME,HP_PIC,APT_MAP,REG_DATE,HP_CHK,RES_NAME) values ('복현 주차장 C','공동 주택',25,4000,500,'10:36','18:39','/img/upload/20.png','/img/upload/19.png',to_timestamp('20/09/10 12:36:59.000000000','RR/MM/DD HH24:MI:SSXFF'),'Y','복현동BBB');
Insert into CAP.HP (HP_NAME,HP_TYPE,PLACE,MIN30_FEE,ADDMIN10_FEE,START_MANAGE_TIME,END_MANAGE_TIME,HP_PIC,APT_MAP,REG_DATE,HP_CHK,RES_NAME) values ('복현 주차장 A','공동 주택',30,2000,500,'08:27','18:27','/img/upload/16.png','/img/upload/17.png',to_timestamp('20/09/10 12:31:35.000000000','RR/MM/DD HH24:MI:SSXFF'),'Y','a1');
Insert into CAP.HP (HP_NAME,HP_TYPE,PLACE,MIN30_FEE,ADDMIN10_FEE,START_MANAGE_TIME,END_MANAGE_TIME,HP_PIC,APT_MAP,REG_DATE,HP_CHK,RES_NAME) values ('복현 주차장 B','단독 주택',5,3000,400,'12:32','18:32','/img/upload/18.png','/img/upload/19.png',to_timestamp('20/09/10 12:32:24.000000000','RR/MM/DD HH24:MI:SSXFF'),'Y','a2');
Insert into CAP.HP (HP_NAME,HP_TYPE,PLACE,MIN30_FEE,ADDMIN10_FEE,START_MANAGE_TIME,END_MANAGE_TIME,HP_PIC,APT_MAP,REG_DATE,HP_CHK,RES_NAME) values ('복현 주차장 D','개인 사유지',7,3300,600,'13:37','20:37','/img/upload/23.png','/img/upload/22.png',to_timestamp('20/09/10 12:37:37.000000000','RR/MM/DD HH24:MI:SSXFF'),'Y','거주지AAA');
REM INSERTING into CAP.HP_BOOK
SET DEFINE OFF;
Insert into CAP.HP_BOOK (BOOK_ID,START_DATE,END_DATE,EMAIL,CAR_NUM,HP_NAME,BOOK_DATE) values ('3',to_timestamp('20/09/10 14:42:00.000000000','RR/MM/DD HH24:MI:SSXFF'),to_timestamp('20/09/10 16:42:00.000000000','RR/MM/DD HH24:MI:SSXFF'),'qwerr','331오5541','복현 주차장 A',to_timestamp('20/09/10 12:42:42.000000000','RR/MM/DD HH24:MI:SSXFF'));
Insert into CAP.HP_BOOK (BOOK_ID,START_DATE,END_DATE,EMAIL,CAR_NUM,HP_NAME,BOOK_DATE) values ('1',to_timestamp('20/09/10 12:40:00.000000000','RR/MM/DD HH24:MI:SSXFF'),to_timestamp('20/09/10 15:40:00.000000000','RR/MM/DD HH24:MI:SSXFF'),'qwer','123가1235','복현 주차장 D',to_timestamp('20/09/10 12:40:10.000000000','RR/MM/DD HH24:MI:SSXFF'));
Insert into CAP.HP_BOOK (BOOK_ID,START_DATE,END_DATE,EMAIL,CAR_NUM,HP_NAME,BOOK_DATE) values ('2',to_timestamp('20/09/15 12:40:00.000000000','RR/MM/DD HH24:MI:SSXFF'),to_timestamp('20/09/16 15:40:00.000000000','RR/MM/DD HH24:MI:SSXFF'),'qwer','127나2221','복현 주차장 B',to_timestamp('20/09/10 12:41:02.000000000','RR/MM/DD HH24:MI:SSXFF'));
Insert into CAP.HP_BOOK (BOOK_ID,START_DATE,END_DATE,EMAIL,CAR_NUM,HP_NAME,BOOK_DATE) values ('4',to_timestamp('20/09/17 13:43:00.000000000','RR/MM/DD HH24:MI:SSXFF'),to_timestamp('20/09/17 13:47:00.000000000','RR/MM/DD HH24:MI:SSXFF'),'qwerr','331오5541','복현 주차장 C',to_timestamp('20/09/10 12:43:49.000000000','RR/MM/DD HH24:MI:SSXFF'));
REM INSERTING into CAP.HP_BOOKMARK
SET DEFINE OFF;
REM INSERTING into CAP.HP_CH_PL
SET DEFINE OFF;
Insert into CAP.HP_CH_PL (HP_NAME,PLACE,HP_CHK,RES_NAME) values ('복현 주차장 A',30,'Y','a1');
Insert into CAP.HP_CH_PL (HP_NAME,PLACE,HP_CHK,RES_NAME) values ('복현 주차장 B',5,'Y','a2');
Insert into CAP.HP_CH_PL (HP_NAME,PLACE,HP_CHK,RES_NAME) values ('복현 주차장 C',25,'Y','복현동BBB');
Insert into CAP.HP_CH_PL (HP_NAME,PLACE,HP_CHK,RES_NAME) values ('복현 주차장 D',7,'Y','거주지AAA');
REM INSERTING into CAP.HP_PAY
SET DEFINE OFF;
Insert into CAP.HP_PAY (PAY_ID,PAY_WAY,NAME,PRICE,EMAIL,HP_NAME,PHONE,BOOK_ID,PAY_DATE) values ('3','card','qwerr',6500,'qwerr','복현 주차장 A','01044165500','3',to_timestamp('20/09/10 12:42:44.000000000','RR/MM/DD HH24:MI:SSXFF'));
Insert into CAP.HP_PAY (PAY_ID,PAY_WAY,NAME,PRICE,EMAIL,HP_NAME,PHONE,BOOK_ID,PAY_DATE) values ('1','card','qwer',12300,'qwer','복현 주차장 D','01044165500','1',to_timestamp('20/09/10 12:40:13.000000000','RR/MM/DD HH24:MI:SSXFF'));
Insert into CAP.HP_PAY (PAY_ID,PAY_WAY,NAME,PRICE,EMAIL,HP_NAME,PHONE,BOOK_ID,PAY_DATE) values ('2','card','qwer',66600,'qwer','복현 주차장 B','01044165500','2',to_timestamp('20/09/10 12:41:08.000000000','RR/MM/DD HH24:MI:SSXFF'));
Insert into CAP.HP_PAY (PAY_ID,PAY_WAY,NAME,PRICE,EMAIL,HP_NAME,PHONE,BOOK_ID,PAY_DATE) values ('4','card','qwerr',4000,'qwerr','복현 주차장 C','01044165500','4',to_timestamp('20/09/10 12:43:51.000000000','RR/MM/DD HH24:MI:SSXFF'));
Insert into CAP.HP_PAY (PAY_ID,PAY_WAY,NAME,PRICE,EMAIL,HP_NAME,PHONE,BOOK_ID,PAY_DATE) values ('5','card','qwerr',6500,'qwerr','복현 주차장 A','01044165500','3',to_timestamp('20/09/10 12:42:44.000000000','RR/MM/DD HH24:MI:SSXFF'));
Insert into CAP.HP_PAY (PAY_ID,PAY_WAY,NAME,PRICE,EMAIL,HP_NAME,PHONE,BOOK_ID,PAY_DATE) values ('6','card','qwerr',6500,'qwerr','복현 주차장 A','01044165500','3',to_timestamp('20/09/10 12:42:44.000000000','RR/MM/DD HH24:MI:SSXFF'));
Insert into CAP.HP_PAY (PAY_ID,PAY_WAY,NAME,PRICE,EMAIL,HP_NAME,PHONE,BOOK_ID,PAY_DATE) values ('7','card','qwer',66600,'qwer','복현 주차장 B','01044165500','2',to_timestamp('20/09/10 12:41:08.000000000','RR/MM/DD HH24:MI:SSXFF'));
Insert into CAP.HP_PAY (PAY_ID,PAY_WAY,NAME,PRICE,EMAIL,HP_NAME,PHONE,BOOK_ID,PAY_DATE) values ('8','card','qwer',66600,'qwer','복현 주차장 B','01044165500','2',to_timestamp('20/09/10 12:41:08.000000000','RR/MM/DD HH24:MI:SSXFF'));
Insert into CAP.HP_PAY (PAY_ID,PAY_WAY,NAME,PRICE,EMAIL,HP_NAME,PHONE,BOOK_ID,PAY_DATE) values ('9','card','qwer',66600,'qwer','복현 주차장 B','01044165500','2',to_timestamp('20/09/10 12:41:08.000000000','RR/MM/DD HH24:MI:SSXFF'));
Insert into CAP.HP_PAY (PAY_ID,PAY_WAY,NAME,PRICE,EMAIL,HP_NAME,PHONE,BOOK_ID,PAY_DATE) values ('10','card','qwerr',4000,'qwerr','복현 주차장 C','01044165500','4',to_timestamp('20/09/10 12:43:51.000000000','RR/MM/DD HH24:MI:SSXFF'));
REM INSERTING into CAP.MEMBER
SET DEFINE OFF;
Insert into CAP.MEMBER (EMAIL,CREATED_DATE,MODIFIED_DATE,NAME,PASSWORD,PHONE,PICTURE,ROLE) values ('qw',to_timestamp('20/09/01 11:37:31.000000000','RR/MM/DD HH24:MI:SSXFF'),null,'qw','qw','01044165500','/img/upload/1.png','관리자');
Insert into CAP.MEMBER (EMAIL,CREATED_DATE,MODIFIED_DATE,NAME,PASSWORD,PHONE,PICTURE,ROLE) values ('qwe',to_timestamp('20/09/01 11:37:31.000000000','RR/MM/DD HH24:MI:SSXFF'),null,'qwe','qw','01044165500','/img/upload/1.png','등록자');
Insert into CAP.MEMBER (EMAIL,CREATED_DATE,MODIFIED_DATE,NAME,PASSWORD,PHONE,PICTURE,ROLE) values ('qwer',to_timestamp('20/09/01 11:37:31.000000000','RR/MM/DD HH24:MI:SSXFF'),null,'qwer','qw','01044165500','/img/upload/1.png','일반');
Insert into CAP.MEMBER (EMAIL,CREATED_DATE,MODIFIED_DATE,NAME,PASSWORD,PHONE,PICTURE,ROLE) values ('qwerr',to_timestamp('20/09/01 11:37:31.000000000','RR/MM/DD HH24:MI:SSXFF'),null,'qwerr','qw','01044165500','/img/upload/1.png','일반');
Insert into CAP.MEMBER (EMAIL,CREATED_DATE,MODIFIED_DATE,NAME,PASSWORD,PHONE,PICTURE,ROLE) values ('seung9721@naver.com',to_timestamp('20/09/02 16:41:43.823000000','RR/MM/DD HH24:MI:SSXFF'),to_timestamp('20/09/02 16:41:43.823000000','RR/MM/DD HH24:MI:SSXFF'),'유승우',null,'01033152260','https://phinf.pstatic.net/contact/20200317_179/1584428487569999B7_PNG/image.png','등록자');
Insert into CAP.MEMBER (EMAIL,CREATED_DATE,MODIFIED_DATE,NAME,PASSWORD,PHONE,PICTURE,ROLE) values ('ysw1849@g.yju.ac.kr',to_timestamp('20/09/09 08:26:00.815000000','RR/MM/DD HH24:MI:SSXFF'),to_timestamp('20/09/09 08:26:00.815000000','RR/MM/DD HH24:MI:SSXFF'),'유승우',null,'01011332564','https://lh3.googleusercontent.com/a-/AOh14Gj2F5cAOgHtUkLsn8WBL8HPY1P04uVed9GRLlHw','일반');
Insert into CAP.MEMBER (EMAIL,CREATED_DATE,MODIFIED_DATE,NAME,PASSWORD,PHONE,PICTURE,ROLE) values ('qwee',to_timestamp('20/09/01 11:37:31.000000000','RR/MM/DD HH24:MI:SSXFF'),null,'qwee','qw','01044165500','/img/upload/3.png','등록자');
REM INSERTING into CAP.MP
SET DEFINE OFF;
REM INSERTING into CAP.QNA_BOARD
SET DEFINE OFF;
REM INSERTING into CAP.REG
SET DEFINE OFF;
Insert into CAP.REG (EMAIL,REG_LIC,ACC_NUM,BANK_NAME,REG_DATE) values ('qwe','/img/upload/2.png','we','we',to_timestamp('20/09/01 11:40:13.000000000','RR/MM/DD HH24:MI:SSXFF'));
Insert into CAP.REG (EMAIL,REG_LIC,ACC_NUM,BANK_NAME,REG_DATE) values ('seung9721@naver.com','/img/upload/9.png','op','opop',to_timestamp('20/09/03 12:15:17.000000000','RR/MM/DD HH24:MI:SSXFF'));
Insert into CAP.REG (EMAIL,REG_LIC,ACC_NUM,BANK_NAME,REG_DATE) values ('qwee','/img/upload/15.png','00001111','ORIS',to_timestamp('20/09/10 12:34:16.000000000','RR/MM/DD HH24:MI:SSXFF'));
REM INSERTING into CAP.RES
SET DEFINE OFF;
Insert into CAP.RES (RES_NAME,POST_CODE,ROAD_ADDR,JIBUN_ADDR,DETAIL_ADDR,EXTRA_ADDR,LAT,LNG,REG_DATE,EMAIL) values ('a1','50966','경남 김해시 주촌면 선지로 85','q','qw',' (김해센텀Q시티)',35.22982950107706,128.8472935784738,to_timestamp('20/09/01 11:41:26.000000000','RR/MM/DD HH24:MI:SSXFF'),'qwe');
Insert into CAP.RES (RES_NAME,POST_CODE,ROAD_ADDR,JIBUN_ADDR,DETAIL_ADDR,EXTRA_ADDR,LAT,LNG,REG_DATE,EMAIL) values ('a2','42038','대구 수성구 화랑로 58','대구 수성구 만촌동 1356-17','we',' (만촌동)',35.870963600497745,128.63413926694017,to_timestamp('20/09/01 11:41:26.000000000','RR/MM/DD HH24:MI:SSXFF'),'qwe');
Insert into CAP.RES (RES_NAME,POST_CODE,ROAD_ADDR,JIBUN_ADDR,DETAIL_ADDR,EXTRA_ADDR,LAT,LNG,REG_DATE,EMAIL) values ('e11','42162','대구 수성구 들안로 113','대구 수성구 상동 8-1','zz',' (상동)',35.84014922865563,128.6171494952918,to_timestamp('20/09/03 12:16:52.000000000','RR/MM/DD HH24:MI:SSXFF'),'seung9721@naver.com');
Insert into CAP.RES (RES_NAME,POST_CODE,ROAD_ADDR,JIBUN_ADDR,DETAIL_ADDR,EXTRA_ADDR,LAT,LNG,REG_DATE,EMAIL) values ('고럼고럼','42162','오노','대구 수성구 상동 8-1','zz',' (상동)',35.84014922865563,128.6171494952918,to_timestamp('20/09/03 12:16:52.000000000','RR/MM/DD HH24:MI:SSXFF'),'seung9721@naver.com');
Insert into CAP.RES (RES_NAME,POST_CODE,ROAD_ADDR,JIBUN_ADDR,DETAIL_ADDR,EXTRA_ADDR,LAT,LNG,REG_DATE,EMAIL) values ('구럼구럼','42162','오노1111','대구 수성구 상동 8-1','zz',' (상동)',35.84014922865563,128.6171494952918,to_timestamp('20/09/03 12:16:52.000000000','RR/MM/DD HH24:MI:SSXFF'),'seung9721@naver.com');
Insert into CAP.RES (RES_NAME,POST_CODE,ROAD_ADDR,JIBUN_ADDR,DETAIL_ADDR,EXTRA_ADDR,LAT,LNG,REG_DATE,EMAIL) values ('거주지AAA','36906','경북 문경시 산북면 거무길 9','경북 문경시 산북면 거산리 234','AAA','(복현동)',36.72313948921567,128.24157434085026,to_timestamp('20/09/10 12:35:27.000000000','RR/MM/DD HH24:MI:SSXFF'),'qwee');
Insert into CAP.RES (RES_NAME,POST_CODE,ROAD_ADDR,JIBUN_ADDR,DETAIL_ADDR,EXTRA_ADDR,LAT,LNG,REG_DATE,EMAIL) values ('복현동BBB','41524','대구 북구 검단로 28','대구 북구 복현동 539-114','BBB',' (복현동, 복현건영아파트)',35.89995070468897,128.616344079574,to_timestamp('20/09/10 12:36:04.000000000','RR/MM/DD HH24:MI:SSXFF'),'qwee');
REM INSERTING into CAP.SCS
SET DEFINE OFF;
Insert into CAP.SCS (SCS_NAME,OPER_INS,SCS_SPEED,SCS_AMOUNT,MIN30_FEE,ADDMIN10_FEE,START_MANAGE_TIME,END_MANAGE_TIME,SCS_PIC,APT_MAP,CABLE,SCS_TYPE,REG_DATE,SCS_CHK,RES_NAME) values ('scs1','환경부(한국자동차환경협회)','10','10','3000','500','09:42','23:44','/img/upload/3.png','/img/upload/4.png','장착된 케이블','AC3상,AC3상',to_timestamp('20/09/01 11:42:26.000000000','RR/MM/DD HH24:MI:SSXFF'),'Y','a1');
Insert into CAP.SCS (SCS_NAME,OPER_INS,SCS_SPEED,SCS_AMOUNT,MIN30_FEE,ADDMIN10_FEE,START_MANAGE_TIME,END_MANAGE_TIME,SCS_PIC,APT_MAP,CABLE,SCS_TYPE,REG_DATE,SCS_CHK,RES_NAME) values ('hg','환경부(한국자동차환경협회)','10','20','7000','600','11:17','23:17','/img/upload/10.png','/img/upload/11.png','장착된 케이블','AC3상',to_timestamp('20/09/03 12:17:29.000000000','RR/MM/DD HH24:MI:SSXFF'),'Y','e11');
Insert into CAP.SCS (SCS_NAME,OPER_INS,SCS_SPEED,SCS_AMOUNT,MIN30_FEE,ADDMIN10_FEE,START_MANAGE_TIME,END_MANAGE_TIME,SCS_PIC,APT_MAP,CABLE,SCS_TYPE,REG_DATE,SCS_CHK,RES_NAME) values ('xxx','환경부(한국자동차환경협회)','60','50','7000','800','14:24','18:24','/img/upload/13.png','/img/upload/14.png','장착된 케이블','AC3상',to_timestamp('20/09/03 12:24:54.000000000','RR/MM/DD HH24:MI:SSXFF'),'Y','e11');
Insert into CAP.SCS (SCS_NAME,OPER_INS,SCS_SPEED,SCS_AMOUNT,MIN30_FEE,ADDMIN10_FEE,START_MANAGE_TIME,END_MANAGE_TIME,SCS_PIC,APT_MAP,CABLE,SCS_TYPE,REG_DATE,SCS_CHK,RES_NAME) values ('YYY','환경부(한국자동차환경협회)','60','50','7000','800','14:24','18:24','/img/upload/15.png','/img/upload/14.png','장착된 케이블','AC3상',to_timestamp('20/09/03 12:24:54.000000000','RR/MM/DD HH24:MI:SSXFF'),'Y','고럼고럼');
Insert into CAP.SCS (SCS_NAME,OPER_INS,SCS_SPEED,SCS_AMOUNT,MIN30_FEE,ADDMIN10_FEE,START_MANAGE_TIME,END_MANAGE_TIME,SCS_PIC,APT_MAP,CABLE,SCS_TYPE,REG_DATE,SCS_CHK,RES_NAME) values ('므시코리아','환경부(한국자동차환경협회)','60','50','7000','800','14:24','18:24','/img/upload/13.png','/img/upload/18.png','장착된 케이블','AC3상',to_timestamp('20/09/03 12:24:54.000000000','RR/MM/DD HH24:MI:SSXFF'),'Y','구럼구럼');
REM INSERTING into CAP.SCS_BOOK
SET DEFINE OFF;
Insert into CAP.SCS_BOOK (BOOK_ID,START_DATE,END_DATE,EMAIL,CAR_NUM,SCS_NAME,BOOK_DATE) values ('1',to_timestamp('20/09/01 11:45:00.000000000','RR/MM/DD HH24:MI:SSXFF'),to_timestamp('20/09/01 00:39:00.000000000','RR/MM/DD HH24:MI:SSXFF'),'qwer',null,'scs1',to_timestamp('20/09/01 11:45:59.000000000','RR/MM/DD HH24:MI:SSXFF'));
Insert into CAP.SCS_BOOK (BOOK_ID,START_DATE,END_DATE,EMAIL,CAR_NUM,SCS_NAME,BOOK_DATE) values ('2',to_timestamp('20/09/01 11:45:00.000000000','RR/MM/DD HH24:MI:SSXFF'),to_timestamp('20/09/01 03:41:00.000000000','RR/MM/DD HH24:MI:SSXFF'),'qwer',null,'scs1',to_timestamp('20/09/01 11:46:51.000000000','RR/MM/DD HH24:MI:SSXFF'));
Insert into CAP.SCS_BOOK (BOOK_ID,START_DATE,END_DATE,EMAIL,CAR_NUM,SCS_NAME,BOOK_DATE) values ('3',to_timestamp('20/09/01 11:45:00.000000000','RR/MM/DD HH24:MI:SSXFF'),to_timestamp('20/09/01 15:41:00.000000000','RR/MM/DD HH24:MI:SSXFF'),'qwer',null,'scs1',to_timestamp('20/09/01 11:47:03.000000000','RR/MM/DD HH24:MI:SSXFF'));
Insert into CAP.SCS_BOOK (BOOK_ID,START_DATE,END_DATE,EMAIL,CAR_NUM,SCS_NAME,BOOK_DATE) values ('4',to_timestamp('20/09/01 11:50:00.000000000','RR/MM/DD HH24:MI:SSXFF'),to_timestamp('20/09/01 17:51:00.000000000','RR/MM/DD HH24:MI:SSXFF'),'qwerr',null,'scs1',to_timestamp('20/09/01 11:47:31.000000000','RR/MM/DD HH24:MI:SSXFF'));
Insert into CAP.SCS_BOOK (BOOK_ID,START_DATE,END_DATE,EMAIL,CAR_NUM,SCS_NAME,BOOK_DATE) values ('5',to_timestamp('20/09/01 11:50:00.000000000','RR/MM/DD HH24:MI:SSXFF'),to_timestamp('20/09/01 15:51:00.000000000','RR/MM/DD HH24:MI:SSXFF'),'qwerr',null,'scs1',to_timestamp('20/09/01 11:47:40.000000000','RR/MM/DD HH24:MI:SSXFF'));
Insert into CAP.SCS_BOOK (BOOK_ID,START_DATE,END_DATE,EMAIL,CAR_NUM,SCS_NAME,BOOK_DATE) values ('21',to_timestamp('20/09/10 16:49:00.000000000','RR/MM/DD HH24:MI:SSXFF'),to_timestamp('20/09/03 16:49:00.000000000','RR/MM/DD HH24:MI:SSXFF'),'seung9721@naver.com',null,'scs1',to_timestamp('20/09/02 16:49:59.000000000','RR/MM/DD HH24:MI:SSXFF'));
Insert into CAP.SCS_BOOK (BOOK_ID,START_DATE,END_DATE,EMAIL,CAR_NUM,SCS_NAME,BOOK_DATE) values ('22',to_timestamp('20/09/02 16:51:00.000000000','RR/MM/DD HH24:MI:SSXFF'),to_timestamp('20/09/02 19:51:00.000000000','RR/MM/DD HH24:MI:SSXFF'),'seung9721@naver.com',null,'scs1',to_timestamp('20/09/02 16:51:47.000000000','RR/MM/DD HH24:MI:SSXFF'));
Insert into CAP.SCS_BOOK (BOOK_ID,START_DATE,END_DATE,EMAIL,CAR_NUM,SCS_NAME,BOOK_DATE) values ('23',to_timestamp('20/09/02 16:51:00.000000000','RR/MM/DD HH24:MI:SSXFF'),to_timestamp('20/09/02 19:52:00.000000000','RR/MM/DD HH24:MI:SSXFF'),'seung9721@naver.com',null,'scs1',to_timestamp('20/09/02 16:51:58.000000000','RR/MM/DD HH24:MI:SSXFF'));
Insert into CAP.SCS_BOOK (BOOK_ID,START_DATE,END_DATE,EMAIL,CAR_NUM,SCS_NAME,BOOK_DATE) values ('24',to_timestamp('20/09/02 16:51:00.000000000','RR/MM/DD HH24:MI:SSXFF'),to_timestamp('20/09/02 19:52:00.000000000','RR/MM/DD HH24:MI:SSXFF'),'seung9721@naver.com',null,'scs1',to_timestamp('20/09/02 16:52:02.000000000','RR/MM/DD HH24:MI:SSXFF'));
Insert into CAP.SCS_BOOK (BOOK_ID,START_DATE,END_DATE,EMAIL,CAR_NUM,SCS_NAME,BOOK_DATE) values ('25',to_timestamp('20/09/02 16:51:00.000000000','RR/MM/DD HH24:MI:SSXFF'),to_timestamp('20/09/02 18:51:00.000000000','RR/MM/DD HH24:MI:SSXFF'),'seung9721@naver.com',null,'scs1',to_timestamp('20/09/02 16:52:10.000000000','RR/MM/DD HH24:MI:SSXFF'));
Insert into CAP.SCS_BOOK (BOOK_ID,START_DATE,END_DATE,EMAIL,CAR_NUM,SCS_NAME,BOOK_DATE) values ('26',to_timestamp('20/09/02 16:53:00.000000000','RR/MM/DD HH24:MI:SSXFF'),to_timestamp('20/09/02 17:54:00.000000000','RR/MM/DD HH24:MI:SSXFF'),'seung9721@naver.com',null,'scs1',to_timestamp('20/09/02 16:52:23.000000000','RR/MM/DD HH24:MI:SSXFF'));
Insert into CAP.SCS_BOOK (BOOK_ID,START_DATE,END_DATE,EMAIL,CAR_NUM,SCS_NAME,BOOK_DATE) values ('27',to_timestamp('20/09/02 17:04:00.000000000','RR/MM/DD HH24:MI:SSXFF'),to_timestamp('20/09/02 20:04:00.000000000','RR/MM/DD HH24:MI:SSXFF'),'seung9721@naver.com',null,'scs1',to_timestamp('20/09/02 17:04:28.000000000','RR/MM/DD HH24:MI:SSXFF'));
Insert into CAP.SCS_BOOK (BOOK_ID,START_DATE,END_DATE,EMAIL,CAR_NUM,SCS_NAME,BOOK_DATE) values ('28',to_timestamp('20/09/02 17:06:00.000000000','RR/MM/DD HH24:MI:SSXFF'),to_timestamp('20/09/02 20:06:00.000000000','RR/MM/DD HH24:MI:SSXFF'),'seung9721@naver.com','123가1234','scs1',to_timestamp('20/09/02 17:06:58.000000000','RR/MM/DD HH24:MI:SSXFF'));
Insert into CAP.SCS_BOOK (BOOK_ID,START_DATE,END_DATE,EMAIL,CAR_NUM,SCS_NAME,BOOK_DATE) values ('29',to_timestamp('20/09/23 17:32:00.000000000','RR/MM/DD HH24:MI:SSXFF'),to_timestamp('20/09/02 18:34:00.000000000','RR/MM/DD HH24:MI:SSXFF'),'seung9721@naver.com',null,'scs1',to_timestamp('20/09/02 17:32:23.000000000','RR/MM/DD HH24:MI:SSXFF'));
Insert into CAP.SCS_BOOK (BOOK_ID,START_DATE,END_DATE,EMAIL,CAR_NUM,SCS_NAME,BOOK_DATE) values ('30',to_timestamp('20/09/23 17:32:00.000000000','RR/MM/DD HH24:MI:SSXFF'),to_timestamp('20/09/02 20:34:00.000000000','RR/MM/DD HH24:MI:SSXFF'),'seung9721@naver.com',null,'scs1',to_timestamp('20/09/02 17:32:40.000000000','RR/MM/DD HH24:MI:SSXFF'));
Insert into CAP.SCS_BOOK (BOOK_ID,START_DATE,END_DATE,EMAIL,CAR_NUM,SCS_NAME,BOOK_DATE) values ('31',to_timestamp('20/09/23 17:32:00.000000000','RR/MM/DD HH24:MI:SSXFF'),to_timestamp('20/09/02 18:31:00.000000000','RR/MM/DD HH24:MI:SSXFF'),'seung9721@naver.com',null,'scs1',to_timestamp('20/09/02 17:32:49.000000000','RR/MM/DD HH24:MI:SSXFF'));
Insert into CAP.SCS_BOOK (BOOK_ID,START_DATE,END_DATE,EMAIL,CAR_NUM,SCS_NAME,BOOK_DATE) values ('32',to_timestamp('20/09/23 17:32:00.000000000','RR/MM/DD HH24:MI:SSXFF'),to_timestamp('20/09/02 21:31:00.000000000','RR/MM/DD HH24:MI:SSXFF'),'seung9721@naver.com',null,'scs1',to_timestamp('20/09/02 17:32:57.000000000','RR/MM/DD HH24:MI:SSXFF'));
Insert into CAP.SCS_BOOK (BOOK_ID,START_DATE,END_DATE,EMAIL,CAR_NUM,SCS_NAME,BOOK_DATE) values ('41',to_timestamp('20/09/03 12:30:00.000000000','RR/MM/DD HH24:MI:SSXFF'),to_timestamp('20/09/03 12:33:00.000000000','RR/MM/DD HH24:MI:SSXFF'),'qw',null,'xxx',to_timestamp('20/09/03 12:30:48.000000000','RR/MM/DD HH24:MI:SSXFF'));
REM INSERTING into CAP.SCS_BOOKMARK
SET DEFINE OFF;
Insert into CAP.SCS_BOOKMARK (EMAIL,SCS_NAME) values ('seung9721@naver.com','scs1');
REM INSERTING into CAP.SCS_CH_PL
SET DEFINE OFF;
REM INSERTING into CAP.SCS_PAY
SET DEFINE OFF;
Insert into CAP.SCS_PAY (PAY_ID,PAY_WAY,SCS_NAME,PRICE,EMAIL,PHONE,BOOK_ID,PAY_DATE) values ('1','card','scs1',3000,'qwer','qw','1',to_timestamp('20/09/01 11:46:03.000000000','RR/MM/DD HH24:MI:SSXFF'));
Insert into CAP.SCS_PAY (PAY_ID,PAY_WAY,SCS_NAME,PRICE,EMAIL,PHONE,BOOK_ID,PAY_DATE) values ('2','card','scs1',4800,'qwer','qw','1',to_timestamp('20/08/01 11:46:03.000000000','RR/MM/DD HH24:MI:SSXFF'));
Insert into CAP.SCS_PAY (PAY_ID,PAY_WAY,SCS_NAME,PRICE,EMAIL,PHONE,BOOK_ID,PAY_DATE) values ('3','card','scs1',7700,'qwer','qw','1',to_timestamp('19/09/01 11:46:03.000000000','RR/MM/DD HH24:MI:SSXFF'));
Insert into CAP.SCS_PAY (PAY_ID,PAY_WAY,SCS_NAME,PRICE,EMAIL,PHONE,BOOK_ID,PAY_DATE) values ('21','card','xxx',7000,'qw','qw','41',to_timestamp('20/09/03 12:30:51.000000000','RR/MM/DD HH24:MI:SSXFF'));
Insert into CAP.SCS_PAY (PAY_ID,PAY_WAY,SCS_NAME,PRICE,EMAIL,PHONE,BOOK_ID,PAY_DATE) values ('23','card','xxx',5200,'qw','qw','41',to_timestamp('20/09/03 12:30:51.000000000','RR/MM/DD HH24:MI:SSXFF'));
Insert into CAP.SCS_PAY (PAY_ID,PAY_WAY,SCS_NAME,PRICE,EMAIL,PHONE,BOOK_ID,PAY_DATE) values ('24','card','qe',5200,'qw','qw','41',to_timestamp('20/09/03 12:30:51.000000000','RR/MM/DD HH24:MI:SSXFF'));
Insert into CAP.SCS_PAY (PAY_ID,PAY_WAY,SCS_NAME,PRICE,EMAIL,PHONE,BOOK_ID,PAY_DATE) values ('4','card','scs1',4400,'qwer','qw','1',to_timestamp('20/09/01 11:46:03.000000000','RR/MM/DD HH24:MI:SSXFF'));
Insert into CAP.SCS_PAY (PAY_ID,PAY_WAY,SCS_NAME,PRICE,EMAIL,PHONE,BOOK_ID,PAY_DATE) values ('5','card','scs1',6750,'qwer','qw','1',to_timestamp('20/09/01 11:46:03.000000000','RR/MM/DD HH24:MI:SSXFF'));
Insert into CAP.SCS_PAY (PAY_ID,PAY_WAY,SCS_NAME,PRICE,EMAIL,PHONE,BOOK_ID,PAY_DATE) values ('6','card','scs22',9800,'qwer','qw','1',to_timestamp('20/09/01 11:46:03.000000000','RR/MM/DD HH24:MI:SSXFF'));
Insert into CAP.SCS_PAY (PAY_ID,PAY_WAY,SCS_NAME,PRICE,EMAIL,PHONE,BOOK_ID,PAY_DATE) values ('7','card','YYY',6750,'qwer','qw','1',to_timestamp('20/09/01 11:46:03.000000000','RR/MM/DD HH24:MI:SSXFF'));
Insert into CAP.SCS_PAY (PAY_ID,PAY_WAY,SCS_NAME,PRICE,EMAIL,PHONE,BOOK_ID,PAY_DATE) values ('8','card','YYY',6750,'qwer','qw','1',to_timestamp('20/09/01 11:46:03.000000000','RR/MM/DD HH24:MI:SSXFF'));
Insert into CAP.SCS_PAY (PAY_ID,PAY_WAY,SCS_NAME,PRICE,EMAIL,PHONE,BOOK_ID,PAY_DATE) values ('9','card','므시코리아',6750,'qwer','qw','1',to_timestamp('20/09/01 11:46:03.000000000','RR/MM/DD HH24:MI:SSXFF'));
Insert into CAP.SCS_PAY (PAY_ID,PAY_WAY,SCS_NAME,PRICE,EMAIL,PHONE,BOOK_ID,PAY_DATE) values ('10','card','YYY',6750,'qwer','qw','1',to_timestamp('20/09/01 11:46:03.000000000','RR/MM/DD HH24:MI:SSXFF'));
--------------------------------------------------------
--  DDL for Index RES_RES_NAME_PK
--------------------------------------------------------

  CREATE UNIQUE INDEX "CAP"."RES_RES_NAME_PK" ON "CAP"."RES" ("RES_NAME")
  PCTFREE 10 INITRANS 2 MAXTRANS 255 COMPUTE STATISTICS
  STORAGE(INITIAL 65536 NEXT 1048576 MINEXTENTS 1 MAXEXTENTS 2147483645
  PCTINCREASE 0 FREELISTS 1 FREELIST GROUPS 1 BUFFER_POOL DEFAULT FLASH_CACHE DEFAULT CELL_FLASH_CACHE DEFAULT)
  TABLESPACE "SYSTEM" ;
--------------------------------------------------------
--  DDL for Index QNA_BOARD_BNO_PK
--------------------------------------------------------

  CREATE UNIQUE INDEX "CAP"."QNA_BOARD_BNO_PK" ON "CAP"."QNA_BOARD" ("BNO")
  PCTFREE 10 INITRANS 2 MAXTRANS 255 COMPUTE STATISTICS
  STORAGE(INITIAL 65536 NEXT 1048576 MINEXTENTS 1 MAXEXTENTS 2147483645
  PCTINCREASE 0 FREELISTS 1 FREELIST GROUPS 1 BUFFER_POOL DEFAULT FLASH_CACHE DEFAULT CELL_FLASH_CACHE DEFAULT)
  TABLESPACE "SYSTEM" ;
--------------------------------------------------------
--  DDL for Index HP_CH_PL_HP_NAME_PK
--------------------------------------------------------

  CREATE UNIQUE INDEX "CAP"."HP_CH_PL_HP_NAME_PK" ON "CAP"."HP_CH_PL" ("HP_NAME")
  PCTFREE 10 INITRANS 2 MAXTRANS 255
  STORAGE(INITIAL 65536 NEXT 1048576 MINEXTENTS 1 MAXEXTENTS 2147483645
  PCTINCREASE 0 FREELISTS 1 FREELIST GROUPS 1 BUFFER_POOL DEFAULT FLASH_CACHE DEFAULT CELL_FLASH_CACHE DEFAULT)
  TABLESPACE "SYSTEM" ;
--------------------------------------------------------
--  DDL for Index MP_EMAIL_PK
--------------------------------------------------------

  CREATE UNIQUE INDEX "CAP"."MP_EMAIL_PK" ON "CAP"."MP" ("EMAIL")
  PCTFREE 10 INITRANS 2 MAXTRANS 255 COMPUTE STATISTICS
  STORAGE(INITIAL 65536 NEXT 1048576 MINEXTENTS 1 MAXEXTENTS 2147483645
  PCTINCREASE 0 FREELISTS 1 FREELIST GROUPS 1 BUFFER_POOL DEFAULT FLASH_CACHE DEFAULT CELL_FLASH_CACHE DEFAULT)
  TABLESPACE "SYSTEM" ;
--------------------------------------------------------
--  DDL for Index CAR_CAR_ID_PK
--------------------------------------------------------

  CREATE UNIQUE INDEX "CAP"."CAR_CAR_ID_PK" ON "CAP"."CAR" ("CAR_ID")
  PCTFREE 10 INITRANS 2 MAXTRANS 255 COMPUTE STATISTICS
  STORAGE(INITIAL 65536 NEXT 1048576 MINEXTENTS 1 MAXEXTENTS 2147483645
  PCTINCREASE 0 FREELISTS 1 FREELIST GROUPS 1 BUFFER_POOL DEFAULT FLASH_CACHE DEFAULT CELL_FLASH_CACHE DEFAULT)
  TABLESPACE "SYSTEM" ;
--------------------------------------------------------
--  DDL for Index HP_BOOKMARK_EMAIL_HP_NAME_PK
--------------------------------------------------------

  CREATE UNIQUE INDEX "CAP"."HP_BOOKMARK_EMAIL_HP_NAME_PK" ON "CAP"."HP_BOOKMARK" ("EMAIL", "HP_NAME")
  PCTFREE 10 INITRANS 2 MAXTRANS 255 COMPUTE STATISTICS
  STORAGE(INITIAL 65536 NEXT 1048576 MINEXTENTS 1 MAXEXTENTS 2147483645
  PCTINCREASE 0 FREELISTS 1 FREELIST GROUPS 1 BUFFER_POOL DEFAULT FLASH_CACHE DEFAULT CELL_FLASH_CACHE DEFAULT)
  TABLESPACE "SYSTEM" ;
--------------------------------------------------------
--  DDL for Index HP_HP_NAME_PK
--------------------------------------------------------

  CREATE UNIQUE INDEX "CAP"."HP_HP_NAME_PK" ON "CAP"."HP" ("HP_NAME")
  PCTFREE 10 INITRANS 2 MAXTRANS 255 COMPUTE STATISTICS
  STORAGE(INITIAL 65536 NEXT 1048576 MINEXTENTS 1 MAXEXTENTS 2147483645
  PCTINCREASE 0 FREELISTS 1 FREELIST GROUPS 1 BUFFER_POOL DEFAULT FLASH_CACHE DEFAULT CELL_FLASH_CACHE DEFAULT)
  TABLESPACE "SYSTEM" ;
--------------------------------------------------------
--  DDL for Index SCS_PAY_PAY_ID_PK
--------------------------------------------------------

  CREATE UNIQUE INDEX "CAP"."SCS_PAY_PAY_ID_PK" ON "CAP"."SCS_PAY" ("PAY_ID")
  PCTFREE 10 INITRANS 2 MAXTRANS 255 COMPUTE STATISTICS
  STORAGE(INITIAL 65536 NEXT 1048576 MINEXTENTS 1 MAXEXTENTS 2147483645
  PCTINCREASE 0 FREELISTS 1 FREELIST GROUPS 1 BUFFER_POOL DEFAULT FLASH_CACHE DEFAULT CELL_FLASH_CACHE DEFAULT)
  TABLESPACE "SYSTEM" ;
--------------------------------------------------------
--  DDL for Index REG_EMAIL_PK
--------------------------------------------------------

  CREATE UNIQUE INDEX "CAP"."REG_EMAIL_PK" ON "CAP"."REG" ("EMAIL")
  PCTFREE 10 INITRANS 2 MAXTRANS 255 COMPUTE STATISTICS
  STORAGE(INITIAL 65536 NEXT 1048576 MINEXTENTS 1 MAXEXTENTS 2147483645
  PCTINCREASE 0 FREELISTS 1 FREELIST GROUPS 1 BUFFER_POOL DEFAULT FLASH_CACHE DEFAULT CELL_FLASH_CACHE DEFAULT)
  TABLESPACE "SYSTEM" ;
--------------------------------------------------------
--  DDL for Index HP_PAY_PAY_ID_PK
--------------------------------------------------------

  CREATE UNIQUE INDEX "CAP"."HP_PAY_PAY_ID_PK" ON "CAP"."HP_PAY" ("PAY_ID")
  PCTFREE 10 INITRANS 2 MAXTRANS 255 COMPUTE STATISTICS
  STORAGE(INITIAL 65536 NEXT 1048576 MINEXTENTS 1 MAXEXTENTS 2147483645
  PCTINCREASE 0 FREELISTS 1 FREELIST GROUPS 1 BUFFER_POOL DEFAULT FLASH_CACHE DEFAULT CELL_FLASH_CACHE DEFAULT)
  TABLESPACE "SYSTEM" ;
--------------------------------------------------------
--  DDL for Index ENTRY_INFO_ENTRY_ID_PK
--------------------------------------------------------

  CREATE UNIQUE INDEX "CAP"."ENTRY_INFO_ENTRY_ID_PK" ON "CAP"."ENTRY_INFO" ("ENTRY_ID")
  PCTFREE 10 INITRANS 2 MAXTRANS 255 COMPUTE STATISTICS
  STORAGE(INITIAL 65536 NEXT 1048576 MINEXTENTS 1 MAXEXTENTS 2147483645
  PCTINCREASE 0 FREELISTS 1 FREELIST GROUPS 1 BUFFER_POOL DEFAULT FLASH_CACHE DEFAULT CELL_FLASH_CACHE DEFAULT)
  TABLESPACE "SYSTEM" ;
--------------------------------------------------------
--  DDL for Index SCS_BOOK_ID_PK
--------------------------------------------------------

  CREATE UNIQUE INDEX "CAP"."SCS_BOOK_ID_PK" ON "CAP"."SCS_BOOK" ("BOOK_ID")
  PCTFREE 10 INITRANS 2 MAXTRANS 255 COMPUTE STATISTICS
  STORAGE(INITIAL 65536 NEXT 1048576 MINEXTENTS 1 MAXEXTENTS 2147483645
  PCTINCREASE 0 FREELISTS 1 FREELIST GROUPS 1 BUFFER_POOL DEFAULT FLASH_CACHE DEFAULT CELL_FLASH_CACHE DEFAULT)
  TABLESPACE "SYSTEM" ;
--------------------------------------------------------
--  DDL for Index HP_BOOK_BOOK_ID_PK
--------------------------------------------------------

  CREATE UNIQUE INDEX "CAP"."HP_BOOK_BOOK_ID_PK" ON "CAP"."HP_BOOK" ("BOOK_ID")
  PCTFREE 10 INITRANS 2 MAXTRANS 255 COMPUTE STATISTICS
  STORAGE(INITIAL 65536 NEXT 1048576 MINEXTENTS 1 MAXEXTENTS 2147483645
  PCTINCREASE 0 FREELISTS 1 FREELIST GROUPS 1 BUFFER_POOL DEFAULT FLASH_CACHE DEFAULT CELL_FLASH_CACHE DEFAULT)
  TABLESPACE "SYSTEM" ;
--------------------------------------------------------
--  DDL for Index SCS_BOOKMARK_PK
--------------------------------------------------------

  CREATE UNIQUE INDEX "CAP"."SCS_BOOKMARK_PK" ON "CAP"."SCS_BOOKMARK" ("EMAIL", "SCS_NAME")
  PCTFREE 10 INITRANS 2 MAXTRANS 255 COMPUTE STATISTICS
  STORAGE(INITIAL 65536 NEXT 1048576 MINEXTENTS 1 MAXEXTENTS 2147483645
  PCTINCREASE 0 FREELISTS 1 FREELIST GROUPS 1 BUFFER_POOL DEFAULT FLASH_CACHE DEFAULT CELL_FLASH_CACHE DEFAULT)
  TABLESPACE "SYSTEM" ;
--------------------------------------------------------
--  DDL for Index SCS_CH_PL_SCS_NAME_PK
--------------------------------------------------------

  CREATE UNIQUE INDEX "CAP"."SCS_CH_PL_SCS_NAME_PK" ON "CAP"."SCS_CH_PL" ("SCS_NAME")
  PCTFREE 10 INITRANS 2 MAXTRANS 255
  STORAGE(INITIAL 65536 NEXT 1048576 MINEXTENTS 1 MAXEXTENTS 2147483645
  PCTINCREASE 0 FREELISTS 1 FREELIST GROUPS 1 BUFFER_POOL DEFAULT FLASH_CACHE DEFAULT CELL_FLASH_CACHE DEFAULT)
  TABLESPACE "SYSTEM" ;
--------------------------------------------------------
--  DDL for Index SCS_SCS_NAME_PK
--------------------------------------------------------

  CREATE UNIQUE INDEX "CAP"."SCS_SCS_NAME_PK" ON "CAP"."SCS" ("SCS_NAME")
  PCTFREE 10 INITRANS 2 MAXTRANS 255 COMPUTE STATISTICS
  STORAGE(INITIAL 65536 NEXT 1048576 MINEXTENTS 1 MAXEXTENTS 2147483645
  PCTINCREASE 0 FREELISTS 1 FREELIST GROUPS 1 BUFFER_POOL DEFAULT FLASH_CACHE DEFAULT CELL_FLASH_CACHE DEFAULT)
  TABLESPACE "SYSTEM" ;
--------------------------------------------------------
--  DDL for Trigger INSERT_HP_CH_PL_VIEW
--------------------------------------------------------

  CREATE OR REPLACE TRIGGER "CAP"."INSERT_HP_CH_PL_VIEW"
    after insert on hp
    for each row
declare
begin
     insert into hp_ch_pl_view (hp_name, place, res_name) values
     (:new.hp_name,
     :new.place,
     :new.res_name);
end;
/
ALTER TRIGGER "CAP"."INSERT_HP_CH_PL_VIEW" ENABLE;
--------------------------------------------------------
--  DDL for Trigger INSERT_SCS_CH_PL_VIEW
--------------------------------------------------------

  CREATE OR REPLACE TRIGGER "CAP"."INSERT_SCS_CH_PL_VIEW"
    after insert on scs
    for each row
declare
begin
    insert into scs_ch_pl_view (scs_name, scs_amount, res_name) values
    (:new.scs_name,
     :new.scs_amount,
     :new.res_name);
end;
/
ALTER TRIGGER "CAP"."INSERT_SCS_CH_PL_VIEW" ENABLE;
--------------------------------------------------------
--  DDL for Trigger UPDATE_ADD_HP_CH_PL_VIEW
--------------------------------------------------------

  CREATE OR REPLACE TRIGGER "CAP"."UPDATE_ADD_HP_CH_PL_VIEW"
    after update on entry_info
    for each row
declare
begin
    update hp_ch_pl_view set place = place + 1
    where hp_name = ( select hp_name from hp
                                where res_name = :new.res_name)
    and res_name = :new.res_name;
end;
/
ALTER TRIGGER "CAP"."UPDATE_ADD_HP_CH_PL_VIEW" ENABLE;
--------------------------------------------------------
--  DDL for Trigger UPDATE_ADD_SCS_CH_PL_VIEW
--------------------------------------------------------

  CREATE OR REPLACE TRIGGER "CAP"."UPDATE_ADD_SCS_CH_PL_VIEW"
    after update on entry_info
    for each row
declare
begin
    update scs_ch_pl_view set scs_amount = scs_amount + 1
    where scs_name = ( select scs_name from scs
                                where res_name = :new.res_name)
    and res_name = :new.res_name;
end;
/
ALTER TRIGGER "CAP"."UPDATE_ADD_SCS_CH_PL_VIEW" ENABLE;
--------------------------------------------------------
--  DDL for Trigger UPDATE_HP_CH_PL_VIEW
--------------------------------------------------------

  CREATE OR REPLACE TRIGGER "CAP"."UPDATE_HP_CH_PL_VIEW"
    after update on hp
    for each row
declare
begin
    update hp_ch_pl_view set hp_chk = :new.hp_chk where hp_name = :new.hp_name;
end;
/
ALTER TRIGGER "CAP"."UPDATE_HP_CH_PL_VIEW" ENABLE;
--------------------------------------------------------
--  DDL for Trigger UPDATE_SCS_CH_PL_VIEW
--------------------------------------------------------

  CREATE OR REPLACE TRIGGER "CAP"."UPDATE_SCS_CH_PL_VIEW"
    after update on scs
    for each row
declare
begin
    update scs_ch_pl_view set scs_chk = :new.scs_chk where scs_name = :new.scs_name;
end;
/
ALTER TRIGGER "CAP"."UPDATE_SCS_CH_PL_VIEW" ENABLE;
--------------------------------------------------------
--  DDL for Trigger UPDATE_SUB_HP_CH_PL_VIEW
--------------------------------------------------------

  CREATE OR REPLACE TRIGGER "CAP"."UPDATE_SUB_HP_CH_PL_VIEW"
    after insert on entry_info
    for each row
declare
begin
    update hp_ch_pl_view set place = place - 1
    where hp_name = ( select hp_name from hp
                                where res_name = :new.res_name)
    and res_name = :new.res_name;
end;
/
ALTER TRIGGER "CAP"."UPDATE_SUB_HP_CH_PL_VIEW" ENABLE;
--------------------------------------------------------
--  DDL for Trigger UPDATE_SUB_SCS_CH_PL_VIEW
--------------------------------------------------------

  CREATE OR REPLACE TRIGGER "CAP"."UPDATE_SUB_SCS_CH_PL_VIEW"
    after insert on entry_info
    for each row
declare
begin
    update scs_ch_pl_view set scs_amount = scs_amount - 1
    where scs_name = ( select scs_name from scs
                                where res_name = :new.res_name)
    and res_name = :new.res_name;
end;
/
ALTER TRIGGER "CAP"."UPDATE_SUB_SCS_CH_PL_VIEW" ENABLE;
--------------------------------------------------------
--  Constraints for Table HP_PAY
--------------------------------------------------------

  ALTER TABLE "CAP"."HP_PAY" ADD CONSTRAINT "HP_PAY_PAY_ID_PK" PRIMARY KEY ("PAY_ID")
  USING INDEX PCTFREE 10 INITRANS 2 MAXTRANS 255 COMPUTE STATISTICS
  STORAGE(INITIAL 65536 NEXT 1048576 MINEXTENTS 1 MAXEXTENTS 2147483645
  PCTINCREASE 0 FREELISTS 1 FREELIST GROUPS 1 BUFFER_POOL DEFAULT FLASH_CACHE DEFAULT CELL_FLASH_CACHE DEFAULT)
  TABLESPACE "SYSTEM"  ENABLE;
--------------------------------------------------------
--  Constraints for Table SCS
--------------------------------------------------------

  ALTER TABLE "CAP"."SCS" ADD CONSTRAINT "SCS_SCS_NAME_PK" PRIMARY KEY ("SCS_NAME")
  USING INDEX PCTFREE 10 INITRANS 2 MAXTRANS 255 COMPUTE STATISTICS
  STORAGE(INITIAL 65536 NEXT 1048576 MINEXTENTS 1 MAXEXTENTS 2147483645
  PCTINCREASE 0 FREELISTS 1 FREELIST GROUPS 1 BUFFER_POOL DEFAULT FLASH_CACHE DEFAULT CELL_FLASH_CACHE DEFAULT)
  TABLESPACE "SYSTEM"  ENABLE;
  ALTER TABLE "CAP"."SCS" ADD CONSTRAINT "SCS_SCS_CHK_CK" CHECK (scs_chk in('Y', 'N')) ENABLE;
--------------------------------------------------------
--  Constraints for Table SCS_PAY
--------------------------------------------------------

  ALTER TABLE "CAP"."SCS_PAY" ADD CONSTRAINT "SCS_PAY_PAY_ID_PK" PRIMARY KEY ("PAY_ID")
  USING INDEX PCTFREE 10 INITRANS 2 MAXTRANS 255 COMPUTE STATISTICS
  STORAGE(INITIAL 65536 NEXT 1048576 MINEXTENTS 1 MAXEXTENTS 2147483645
  PCTINCREASE 0 FREELISTS 1 FREELIST GROUPS 1 BUFFER_POOL DEFAULT FLASH_CACHE DEFAULT CELL_FLASH_CACHE DEFAULT)
  TABLESPACE "SYSTEM"  ENABLE;
--------------------------------------------------------
--  Constraints for Table MP
--------------------------------------------------------

  ALTER TABLE "CAP"."MP" ADD CONSTRAINT "MP_EMAIL_PK" PRIMARY KEY ("EMAIL")
  USING INDEX PCTFREE 10 INITRANS 2 MAXTRANS 255 COMPUTE STATISTICS
  STORAGE(INITIAL 65536 NEXT 1048576 MINEXTENTS 1 MAXEXTENTS 2147483645
  PCTINCREASE 0 FREELISTS 1 FREELIST GROUPS 1 BUFFER_POOL DEFAULT FLASH_CACHE DEFAULT CELL_FLASH_CACHE DEFAULT)
  TABLESPACE "SYSTEM"  ENABLE;
--------------------------------------------------------
--  Constraints for Table QNA_BOARD
--------------------------------------------------------

  ALTER TABLE "CAP"."QNA_BOARD" ADD CONSTRAINT "QNA_BOARD_BNO_PK" PRIMARY KEY ("BNO")
  USING INDEX PCTFREE 10 INITRANS 2 MAXTRANS 255 COMPUTE STATISTICS
  STORAGE(INITIAL 65536 NEXT 1048576 MINEXTENTS 1 MAXEXTENTS 2147483645
  PCTINCREASE 0 FREELISTS 1 FREELIST GROUPS 1 BUFFER_POOL DEFAULT FLASH_CACHE DEFAULT CELL_FLASH_CACHE DEFAULT)
  TABLESPACE "SYSTEM"  ENABLE;
  ALTER TABLE "CAP"."QNA_BOARD" MODIFY ("WRITER" NOT NULL ENABLE);
  ALTER TABLE "CAP"."QNA_BOARD" MODIFY ("CONTENT" NOT NULL ENABLE);
  ALTER TABLE "CAP"."QNA_BOARD" MODIFY ("TITLE" NOT NULL ENABLE);
  ALTER TABLE "CAP"."QNA_BOARD" MODIFY ("BNO" NOT NULL ENABLE);
--------------------------------------------------------
--  Constraints for Table ENTRY_INFO
--------------------------------------------------------

  ALTER TABLE "CAP"."ENTRY_INFO" ADD CONSTRAINT "ENTRY_INFO_ENTRY_ID_PK" PRIMARY KEY ("ENTRY_ID")
  USING INDEX PCTFREE 10 INITRANS 2 MAXTRANS 255 COMPUTE STATISTICS
  STORAGE(INITIAL 65536 NEXT 1048576 MINEXTENTS 1 MAXEXTENTS 2147483645
  PCTINCREASE 0 FREELISTS 1 FREELIST GROUPS 1 BUFFER_POOL DEFAULT FLASH_CACHE DEFAULT CELL_FLASH_CACHE DEFAULT)
  TABLESPACE "SYSTEM"  ENABLE;
--------------------------------------------------------
--  Constraints for Table SCS_CH_PL
--------------------------------------------------------

  ALTER TABLE "CAP"."SCS_CH_PL" ADD CONSTRAINT "SCS_CH_PL_SCS_NAME_PK" PRIMARY KEY ("SCS_NAME")
  USING INDEX PCTFREE 10 INITRANS 2 MAXTRANS 255
  STORAGE(INITIAL 65536 NEXT 1048576 MINEXTENTS 1 MAXEXTENTS 2147483645
  PCTINCREASE 0 FREELISTS 1 FREELIST GROUPS 1 BUFFER_POOL DEFAULT FLASH_CACHE DEFAULT CELL_FLASH_CACHE DEFAULT)
  TABLESPACE "SYSTEM"  ENABLE;
  ALTER TABLE "CAP"."SCS_CH_PL" ADD CONSTRAINT "SCS_CH_PL_CHK_CK" CHECK (scs_chk in('Y', 'N')) ENABLE;
--------------------------------------------------------
--  Constraints for Table MEMBER
--------------------------------------------------------

  ALTER TABLE "CAP"."MEMBER" ADD PRIMARY KEY ("EMAIL")
  USING INDEX PCTFREE 10 INITRANS 2 MAXTRANS 255 COMPUTE STATISTICS
  STORAGE(INITIAL 65536 NEXT 1048576 MINEXTENTS 1 MAXEXTENTS 2147483645
  PCTINCREASE 0 FREELISTS 1 FREELIST GROUPS 1 BUFFER_POOL DEFAULT FLASH_CACHE DEFAULT CELL_FLASH_CACHE DEFAULT)
  TABLESPACE "SYSTEM"  ENABLE;
  ALTER TABLE "CAP"."MEMBER" MODIFY ("ROLE" NOT NULL ENABLE);
--------------------------------------------------------
--  Constraints for Table HP_CH_PL
--------------------------------------------------------

  ALTER TABLE "CAP"."HP_CH_PL" ADD CONSTRAINT "HP_CH_PL_HP_NAME_PK" PRIMARY KEY ("HP_NAME")
  USING INDEX PCTFREE 10 INITRANS 2 MAXTRANS 255
  STORAGE(INITIAL 65536 NEXT 1048576 MINEXTENTS 1 MAXEXTENTS 2147483645
  PCTINCREASE 0 FREELISTS 1 FREELIST GROUPS 1 BUFFER_POOL DEFAULT FLASH_CACHE DEFAULT CELL_FLASH_CACHE DEFAULT)
  TABLESPACE "SYSTEM"  ENABLE;
  ALTER TABLE "CAP"."HP_CH_PL" ADD CONSTRAINT "HP_CH_PL_HP_CHK_CK" CHECK (hp_chk in('Y', 'N')) ENABLE;
--------------------------------------------------------
--  Constraints for Table SCS_BOOK
--------------------------------------------------------

  ALTER TABLE "CAP"."SCS_BOOK" ADD CONSTRAINT "SCS_BOOK_ID_PK" PRIMARY KEY ("BOOK_ID")
  USING INDEX PCTFREE 10 INITRANS 2 MAXTRANS 255 COMPUTE STATISTICS
  STORAGE(INITIAL 65536 NEXT 1048576 MINEXTENTS 1 MAXEXTENTS 2147483645
  PCTINCREASE 0 FREELISTS 1 FREELIST GROUPS 1 BUFFER_POOL DEFAULT FLASH_CACHE DEFAULT CELL_FLASH_CACHE DEFAULT)
  TABLESPACE "SYSTEM"  ENABLE;
--------------------------------------------------------
--  Constraints for Table CAR
--------------------------------------------------------

  ALTER TABLE "CAP"."CAR" ADD CONSTRAINT "CAR_CAR_ID_PK" PRIMARY KEY ("CAR_ID")
  USING INDEX PCTFREE 10 INITRANS 2 MAXTRANS 255 COMPUTE STATISTICS
  STORAGE(INITIAL 65536 NEXT 1048576 MINEXTENTS 1 MAXEXTENTS 2147483645
  PCTINCREASE 0 FREELISTS 1 FREELIST GROUPS 1 BUFFER_POOL DEFAULT FLASH_CACHE DEFAULT CELL_FLASH_CACHE DEFAULT)
  TABLESPACE "SYSTEM"  ENABLE;
  ALTER TABLE "CAP"."CAR" MODIFY ("EMAIL" NOT NULL ENABLE);
  ALTER TABLE "CAP"."CAR" MODIFY ("CAR_ID" NOT NULL ENABLE);
--------------------------------------------------------
--  Constraints for Table REG
--------------------------------------------------------

  ALTER TABLE "CAP"."REG" ADD CONSTRAINT "REG_EMAIL_PK" PRIMARY KEY ("EMAIL")
  USING INDEX PCTFREE 10 INITRANS 2 MAXTRANS 255 COMPUTE STATISTICS
  STORAGE(INITIAL 65536 NEXT 1048576 MINEXTENTS 1 MAXEXTENTS 2147483645
  PCTINCREASE 0 FREELISTS 1 FREELIST GROUPS 1 BUFFER_POOL DEFAULT FLASH_CACHE DEFAULT CELL_FLASH_CACHE DEFAULT)
  TABLESPACE "SYSTEM"  ENABLE;
--------------------------------------------------------
--  Constraints for Table RES
--------------------------------------------------------

  ALTER TABLE "CAP"."RES" ADD CONSTRAINT "RES_RES_NAME_PK" PRIMARY KEY ("RES_NAME")
  USING INDEX PCTFREE 10 INITRANS 2 MAXTRANS 255 COMPUTE STATISTICS
  STORAGE(INITIAL 65536 NEXT 1048576 MINEXTENTS 1 MAXEXTENTS 2147483645
  PCTINCREASE 0 FREELISTS 1 FREELIST GROUPS 1 BUFFER_POOL DEFAULT FLASH_CACHE DEFAULT CELL_FLASH_CACHE DEFAULT)
  TABLESPACE "SYSTEM"  ENABLE;
--------------------------------------------------------
--  Constraints for Table HP
--------------------------------------------------------

  ALTER TABLE "CAP"."HP" ADD CONSTRAINT "HP_HP_NAME_PK" PRIMARY KEY ("HP_NAME")
  USING INDEX PCTFREE 10 INITRANS 2 MAXTRANS 255 COMPUTE STATISTICS
  STORAGE(INITIAL 65536 NEXT 1048576 MINEXTENTS 1 MAXEXTENTS 2147483645
  PCTINCREASE 0 FREELISTS 1 FREELIST GROUPS 1 BUFFER_POOL DEFAULT FLASH_CACHE DEFAULT CELL_FLASH_CACHE DEFAULT)
  TABLESPACE "SYSTEM"  ENABLE;
  ALTER TABLE "CAP"."HP" ADD CONSTRAINT "HP_HP_CHK_CK" CHECK (hp_chk in('Y', 'N')) ENABLE;
--------------------------------------------------------
--  Constraints for Table HP_BOOK
--------------------------------------------------------

  ALTER TABLE "CAP"."HP_BOOK" ADD CONSTRAINT "HP_BOOK_BOOK_ID_PK" PRIMARY KEY ("BOOK_ID")
  USING INDEX PCTFREE 10 INITRANS 2 MAXTRANS 255 COMPUTE STATISTICS
  STORAGE(INITIAL 65536 NEXT 1048576 MINEXTENTS 1 MAXEXTENTS 2147483645
  PCTINCREASE 0 FREELISTS 1 FREELIST GROUPS 1 BUFFER_POOL DEFAULT FLASH_CACHE DEFAULT CELL_FLASH_CACHE DEFAULT)
  TABLESPACE "SYSTEM"  ENABLE;
--------------------------------------------------------
--  Constraints for Table SCS_BOOKMARK
--------------------------------------------------------

  ALTER TABLE "CAP"."SCS_BOOKMARK" ADD CONSTRAINT "SCS_BOOKMARK_PK" PRIMARY KEY ("EMAIL", "SCS_NAME")
  USING INDEX PCTFREE 10 INITRANS 2 MAXTRANS 255 COMPUTE STATISTICS
  STORAGE(INITIAL 65536 NEXT 1048576 MINEXTENTS 1 MAXEXTENTS 2147483645
  PCTINCREASE 0 FREELISTS 1 FREELIST GROUPS 1 BUFFER_POOL DEFAULT FLASH_CACHE DEFAULT CELL_FLASH_CACHE DEFAULT)
  TABLESPACE "SYSTEM"  ENABLE;
--------------------------------------------------------
--  Constraints for Table HP_BOOKMARK
--------------------------------------------------------

  ALTER TABLE "CAP"."HP_BOOKMARK" ADD CONSTRAINT "HP_BOOKMARK_EMAIL_HP_NAME_PK" PRIMARY KEY ("EMAIL", "HP_NAME")
  USING INDEX PCTFREE 10 INITRANS 2 MAXTRANS 255 COMPUTE STATISTICS
  STORAGE(INITIAL 65536 NEXT 1048576 MINEXTENTS 1 MAXEXTENTS 2147483645
  PCTINCREASE 0 FREELISTS 1 FREELIST GROUPS 1 BUFFER_POOL DEFAULT FLASH_CACHE DEFAULT CELL_FLASH_CACHE DEFAULT)
  TABLESPACE "SYSTEM"  ENABLE;
--------------------------------------------------------
--  Ref Constraints for Table CAR
--------------------------------------------------------

  ALTER TABLE "CAP"."CAR" ADD CONSTRAINT "CAR_EMAIL_FK" FOREIGN KEY ("EMAIL")
	  REFERENCES "CAP"."MEMBER" ("EMAIL") ENABLE;
--------------------------------------------------------
--  Ref Constraints for Table ENTRY_INFO
--------------------------------------------------------

  ALTER TABLE "CAP"."ENTRY_INFO" ADD CONSTRAINT "ENTRY_INFO_RES_NAME_FK" FOREIGN KEY ("RES_NAME")
	  REFERENCES "CAP"."RES" ("RES_NAME") ON DELETE CASCADE ENABLE;
--------------------------------------------------------
--  Ref Constraints for Table HP
--------------------------------------------------------

  ALTER TABLE "CAP"."HP" ADD CONSTRAINT "HP_RES_NAME_FK" FOREIGN KEY ("RES_NAME")
	  REFERENCES "CAP"."RES" ("RES_NAME") ON DELETE CASCADE ENABLE;
--------------------------------------------------------
--  Ref Constraints for Table HP_BOOK
--------------------------------------------------------

  ALTER TABLE "CAP"."HP_BOOK" ADD CONSTRAINT "HP_BOOK_EMAIL_FK" FOREIGN KEY ("EMAIL")
	  REFERENCES "CAP"."MEMBER" ("EMAIL") ENABLE;
  ALTER TABLE "CAP"."HP_BOOK" ADD CONSTRAINT "HP_BOOK_HP_NAME_FK" FOREIGN KEY ("HP_NAME")
	  REFERENCES "CAP"."HP" ("HP_NAME") ON DELETE CASCADE ENABLE;
--------------------------------------------------------
--  Ref Constraints for Table HP_BOOKMARK
--------------------------------------------------------

  ALTER TABLE "CAP"."HP_BOOKMARK" ADD CONSTRAINT "HP_BOOKMARK_EMAIL_FK" FOREIGN KEY ("EMAIL")
	  REFERENCES "CAP"."MEMBER" ("EMAIL") ENABLE;
  ALTER TABLE "CAP"."HP_BOOKMARK" ADD CONSTRAINT "HP_BOOKMARK_HP_NAME_FK" FOREIGN KEY ("HP_NAME")
	  REFERENCES "CAP"."HP" ("HP_NAME") ON DELETE CASCADE ENABLE;
--------------------------------------------------------
--  Ref Constraints for Table HP_CH_PL
--------------------------------------------------------

  ALTER TABLE "CAP"."HP_CH_PL" ADD CONSTRAINT "HP_CH_PL_HP_NAME_FK" FOREIGN KEY ("HP_NAME")
	  REFERENCES "CAP"."HP" ("HP_NAME") ON DELETE CASCADE ENABLE;
--------------------------------------------------------
--  Ref Constraints for Table HP_PAY
--------------------------------------------------------

  ALTER TABLE "CAP"."HP_PAY" ADD CONSTRAINT "HP_PAY_BOOK_ID_FK" FOREIGN KEY ("BOOK_ID")
	  REFERENCES "CAP"."HP_BOOK" ("BOOK_ID") ON DELETE CASCADE ENABLE;
--------------------------------------------------------
--  Ref Constraints for Table MP
--------------------------------------------------------

  ALTER TABLE "CAP"."MP" ADD CONSTRAINT "MP_EMAIL_FK" FOREIGN KEY ("EMAIL")
	  REFERENCES "CAP"."MEMBER" ("EMAIL") ON DELETE CASCADE ENABLE;
  ALTER TABLE "CAP"."MP" ADD CONSTRAINT "MP_RES_NAME_FK" FOREIGN KEY ("RES_NAME")
	  REFERENCES "CAP"."RES" ("RES_NAME") ENABLE;
--------------------------------------------------------
--  Ref Constraints for Table REG
--------------------------------------------------------

  ALTER TABLE "CAP"."REG" ADD CONSTRAINT "REG_EMAIL_FK" FOREIGN KEY ("EMAIL")
	  REFERENCES "CAP"."MEMBER" ("EMAIL") ON DELETE CASCADE ENABLE;
--------------------------------------------------------
--  Ref Constraints for Table RES
--------------------------------------------------------

  ALTER TABLE "CAP"."RES" ADD CONSTRAINT "RES_EMAIL_FK" FOREIGN KEY ("EMAIL")
	  REFERENCES "CAP"."REG" ("EMAIL") ON DELETE CASCADE ENABLE;
--------------------------------------------------------
--  Ref Constraints for Table SCS
--------------------------------------------------------

  ALTER TABLE "CAP"."SCS" ADD CONSTRAINT "SCS_RES_NAME_FK" FOREIGN KEY ("RES_NAME")
	  REFERENCES "CAP"."RES" ("RES_NAME") ON DELETE CASCADE ENABLE;
--------------------------------------------------------
--  Ref Constraints for Table SCS_BOOK
--------------------------------------------------------

  ALTER TABLE "CAP"."SCS_BOOK" ADD CONSTRAINT "SCS_BOOK_EMAIL_FK" FOREIGN KEY ("EMAIL")
	  REFERENCES "CAP"."MEMBER" ("EMAIL") ENABLE;
  ALTER TABLE "CAP"."SCS_BOOK" ADD CONSTRAINT "SCS_BOOK_SCS_NAME_FK" FOREIGN KEY ("SCS_NAME")
	  REFERENCES "CAP"."SCS" ("SCS_NAME") ON DELETE CASCADE ENABLE;
--------------------------------------------------------
--  Ref Constraints for Table SCS_BOOKMARK
--------------------------------------------------------

  ALTER TABLE "CAP"."SCS_BOOKMARK" ADD CONSTRAINT "SCS_BOOKMARK_ENAUK_FK" FOREIGN KEY ("EMAIL")
	  REFERENCES "CAP"."MEMBER" ("EMAIL") ENABLE;
  ALTER TABLE "CAP"."SCS_BOOKMARK" ADD CONSTRAINT "SCS_BOOKMARK_SCS_NAME_FK" FOREIGN KEY ("SCS_NAME")
	  REFERENCES "CAP"."SCS" ("SCS_NAME") ON DELETE CASCADE ENABLE;
--------------------------------------------------------
--  Ref Constraints for Table SCS_CH_PL
--------------------------------------------------------

  ALTER TABLE "CAP"."SCS_CH_PL" ADD CONSTRAINT "SCS_CH_PL_SCS_NAME_FK" FOREIGN KEY ("SCS_NAME")
	  REFERENCES "CAP"."SCS" ("SCS_NAME") ON DELETE CASCADE ENABLE;
--------------------------------------------------------
--  Ref Constraints for Table SCS_PAY
--------------------------------------------------------

  ALTER TABLE "CAP"."SCS_PAY" ADD CONSTRAINT "SCS_PAY_BOOK_ID_FK" FOREIGN KEY ("BOOK_ID")
	  REFERENCES "CAP"."SCS_BOOK" ("BOOK_ID") ON DELETE CASCADE ENABLE;
